9001,جاری - خرید,طراحی و مهندسی صنایع پتروشیمی (پیدک),طراحی و خرید مجتمع متانول,0,354000000,0,354000000,1390/2/25,,,,,,,597,تا 99/02/20,,153982625,,15398262.5,,0,1398/10/16,98101470,,,,,,,"شيراز، بلوار باغ ارم، شماره 20 ",عبدالرضا مهربان,,,,,,,,,قرارداد,28/01/2022
9001-1,جاری - خرید,طراحی و مهندسی صنایع پتروشیمی (پیدک),الحاقیه 1,0,0,,,,,,,,,,,,,,,,,,,,,,,,,,,,,,,,,,,,الحاقیه,
9001-2,جاری - خرید,طراحی و مهندسی صنایع پتروشیمی (پیدک),الحاقیه 2,0,0,,,,,,,,,,,,,,,,,,,,,,,,,,,,,,,,,,,,الحاقیه,
9001-3,جاری - خرید,طراحی و مهندسی صنایع پتروشیمی (پیدک),الحاقیه 3,0,0,,,,,,,,,,,,,,,,,,,,,,,,,,,,,,,,,,,,الحاقیه,
9001-4,جاری - خرید,طراحی و مهندسی صنایع پتروشیمی (پیدک),الحاقیه 4,0,0,,,,,,,,,,,,,,,,,,,,,,,,,,,,,,,,,,,,الحاقیه,
9001-5,جاری - خرید,طراحی و مهندسی صنایع پتروشیمی (پیدک),الحاقیه 5,0,0,,,1392/12/11,,,,,,,,,,,,,,,,,,,,,,,,,,,,,,,,,الحاقیه,
9001-6,جاری - خرید,طراحی و مهندسی صنایع پتروشیمی (پیدک),الحاقیه 6,0,0,,,1394/7/16,,,,,,,,,,,,,,,,,,,,,,,,,,,,,,,,,الحاقیه,
9001-7,جاری - خرید,طراحی و مهندسی صنایع پتروشیمی (پیدک),الحاقیه 7,0,0,,,1395/12/22,,,,,,,,,,,,,,,,,,,,,,,,,,,,,,,,,الحاقیه,
9001-8,جاری - خرید,طراحی و مهندسی صنایع پتروشیمی (پیدک),الحاقیه 8,0,0,,,1398/07/02,1398/07/14,98-1/176,1398/07/09,28,ماه,1400/11/08,,,,,,,,,در حال اخذ,,,,,,,,,,,,,,,,,,الحاقیه,
9002,پایان یافته,زمیران ,خدمات مشاور ژئوتکنیک ,940366706,0,2207586298,,1390/7/27,,,1390/7/27,,,,تسویه حساب,قطعی,1784246143,,0.808233927,,,,,,,,,,,مفاصا دارد,,,,,,,,,,,قرارداد,
9002-1,پایان یافته,زمیران ,الحاقیه قرارداد 9002 (انجام باقیمانده خدمات ژئوتکنیک 9002),1267219592,0,,,1392/06/02,,,,,,,,,,,,,,,,,,,,,,,,,,,,,,,,,الحاقیه,
9003,پایان یافته,فرآیند سبز پاکان,خدمات مهندسی ارزیابی اثرات زیست محیطی طرح های توسعه,93750000,0,93750000,,1390/10/20,,,1390/10/20,,,,تسویه حساب,قطعی,93750000,,1,,,,,,,,,,,مفاصا دارد,,,,,,,,,,,قرارداد,
9003-1,پایان یافته,فرآیند سبز پاکان,الحاقیه قرارداد 9003 (انجام خدمات مهندسی ارزیابی اثرات زیست محیطی پروژه شرکت ونیران آپادانا),0,0,,,1391/01/20,,,,,,,,,,,,,,,,,,,,,,,,,,,,,,,,,الحاقیه,
9104,لغو شده,------------,مربوط به هیچ قراردادی نیست ,,,,,,,,,,,,,,,,,,,,,,,,,,,کنسل,,,,,,,,,,,,
9105,پایان یافته,تکین کو,خدمات بازرسی فنی,4000000000,0,5217417071,,91/11/04,,,91/11/04,,,,تسویه حساب,قطعی,5217417071,,1,,,,,,,,,,,مفاصا دارد,,,,,,,,,,,قرارداد,
9105-1,پایان یافته,تکین کو,الحاقیه قرارداد 9105 (بازرسی تجهیزات داخل و خارج و بازرسی نظارت سایت),1217417071,0,,,93/07/15,,,,,,,,,,,,,,,,,,,,,,,,,,,,,,,,,الحاقیه,
9106,پایان یافته,شرکت سنگین سازه ,خرید آهن آلات سوله های انبار و کارگاه,4990000000,0,4990000000,,1391/10/10,,,1391/10/10,,,,تسویه حساب,قطعی,4990000000,,1,,,,,,,,,,,خرید,,,,,,,,,,,قرارداد,
9107,لغو شده,شرکت سنگین سازه ,نصب و اجرای سوله های انبار و کارگاه- لغو شد ,0,0,,,1391/10/10,,,1391/10/10,,,,تسویه حساب,,,,,,,,,,,,,,,کنسل,,,,,,,,,,,قرارداد,
9108,لغو شده,------------,مربوط به هیچ قراردادی نیست ,,,,,,,,,,,,,,,,,,,,,,,,,,,کنسل,,,,,,,,,,,,
9109,پایان یافته,آقای حضرتی ,مشاوره ای با -کنترل روم ساب استیشن -مخازن ,50000000,0,50000000,,1391/12/27,,,1391/12/27,,,,تسویه حساب,قطعی,50000000,,1,,,,,,,,,,,شخض,,,,,,,,,,,قرارداد,
9201,پایان یافته,احداث نیرو صنعت جنوب,"خرید، حمل، نصب و راه اندازی شبکه 20 کیلو وات و ترانسفورماتور 400 کیلو وات آمپر و تابلوی L.V.",2193900000,0,2193900000,,1392/03/08,,,1392/02/07,2,ماه,1392/04/08,تسویه حساب,قطعی,2193900000,,1,,,,,,,,,,,مفاصا دارد,,,,,,,,,,,قرارداد,
9202,پایان یافته,بونیز سازه,"سیویل سازه و معماری ساختمان های کنترل، آزمایشگاه، پست برق",63693755235,0,98303441722,,1392/05/12,1392/08/05,,1392/08/18,14,ماه,1393/10/18,تسویه حساب,قطعی,98351699314,,1.000490904,3184687762,0,9835169931,1393/11/04,104059,1394/02/21,45 روز,1393/012/16,12,1395/10/18,مفاصا دارد,تهران - میدان ونک - خیابان ملاصدرا - خیابان شیخ بهایی - پلاک 158 - طبقه سوم ,خلیل ممتاز جهرمی,آ مهدوی,09123130850,88035389,88032413,"aziz.mahdavi@gmail.com
fatane.1981@gmail.com",دارد,دارد,,قرارداد,
9202-1,پایان یافته,بونیز سازه,ابلاغ اضافه کار در قالب 25 %,15923438809,0,,,,,,,,,,,,,,,,,,,,,,,,,,,,,,,,,,,,اضافه کار,
9202-2,پایان یافته,بونیز سازه,"الحاقیه 1 - سیویل سازه و معماری ساختمان های کنترل، آزمایشگاه، پست برق",18686247678,0,,,1394/08/24,1394/08/25,,1393/10/18,11,ماه,1394/09/18,,,,,,,,,1395/05/14,9600424,,,1394/11/18,12,1395/10/18,,,,,,,,,,,,الحاقیه,
9202-3,پایان یافته,بونیز سازه,الحاقیه 2 - تمدید جهت اخذ مجوز فعالیت,0,0,,,1394/11/20,1398/12/21,98/10-168,1394/09/18,39,ماه,1397/12/28,,,,,,,,0,در حال اخذ,,,,,,,,,,,,,,,,,,الحاقیه,
9203,لغو شده,------------,مربوط به هیچ قراردادی نیست ,,,,,,,,,,,,,,,,,,,,,,,,,,,کنسل,,,,,,,,,,,,
9204,در حال تحویل,ماشین سازی پارس,سفارش خرید مخازن ذخیره کربن استیل,35251928200,0,44272878215,,1392/06/06,1392/06/06,,1392/09/05,7,ماه,1393/04/05,تحویل موقت,قطعی,41537248795,,0.938209813,1762596410,0,4153724880,1393/12/03,114863,1395/06/09,20 روز,,"12 م از راه اندازی
36 م از تحویل موقت","تحویل قطعی :
1398/06/09",مفاصا دارد,"تهران - سه راه تهرانپارس - 800 متر بالاتر از ابتدای خیابان دماوند - نبش بلوار شاهد،شماره 197",یوسف شهاب الدین,آ صمیمی,09121233807,77707063-7,77707063-7,info@mspco.ir,,-,تحویل قطعی پس از اتمام دوره تضمین,قرارداد,
9204-1,در حال تحویل,ماشین سازی پارس,فروش پنج دستگاه مخزن ذخیره کربن استیل,9020950015,0,,,1393/04/05,1393/04/05,,1393/04/05,23,ماه,1395/03/05,,,,,,,,0,,,,,,,,,,,,,,,,,,,الحاقیه,
9205,پایان یافته,زمیران,خدمات موردی آزمایشگاه محلی کنترل عملیات اجرایی,323565536,0,323565536,,92/11/01,92/12/03,,92/12/03,14,ماه,93/12/29,تسویه حساب,قطعی,326426300,,1.008841374,,,,,,,,,,,مفاصا دارد,,,,,,,,,,,قرارداد,
9206,پایان یافته,ترابر راه شقایق,تامین نیروی انسانی مورد نیاز کارفرما جهت انجام امور حراست و انجام نظافت,6000000000,0,9506922121,,1392/11/01,1392/11/01,,1392/11/01,12,ماه,1393/10/30,تسویه حساب,قطعی,9506922121,,1,,,,,,,,,,,مفاصا دارد,,,,,,,,,,,قرارداد,
9206-1,پایان یافته,ترابر راه شقایق,تامین نیروی انسانی مورد نیاز کارفرما جهت انجام امور حراست و انجام نظافت,2000000000,0,,,1393/11/01,1393/11/01,,1393/11/01,6,ماه,1394/04/31,,,,,,,,,,,,,,,,,,,,,,,,,,,الحاقیه,
9206-2,پایان یافته,ترابر راه شقایق,تامین نیروی انسانی مورد نیاز کارفرما جهت انجام امور حراست و انجام نظافت,1506922121,0,,,1394/05/01,1394/05/01,,1394/05/01,2,ماه,1394/06/31,,,,,,,,,,,,,,,,,,,,,,,,,,,الحاقیه,
9301,پایان یافته,مدیریت توسعه صنایع پتروشیمی,خدمات مدیریت طرح و نظارت,1.15E+11,,1.25E+11,,1393/02/03,1393/02/03,,1393/02/03,41,ماه,1394/02/03,تحویل قطعی,قطعی,1.20909E+11,,0.967268913,0,0,12090861414,1393/12/20,122202,-,-,-,ندارد,1396/02/02,مفاصا دارد,تهران - بلوار کریمخان زند – تقاطع خردمند شمالی- شماره 39 ,صفرعلی بابایی,جهان پناه,,88813752,88831394,jahanpanah@pidmco.ir,,-,تهیه مفاصا حساب بیمه,قرارداد,
9301-1,پایان یافته,مدیریت توسعه صنایع پتروشیمی,خدمات مدیریت طرح و نظارت,10800000000,0,,,1394/02/03,1394/02/03,,1394/02/03,12,ماه,1395/02/03,,,,,,0,0,0,,,,,,,,,,,,,,,,,,,الحاقیه,
9301-2,پایان یافته,مدیریت توسعه صنایع پتروشیمی,خدمات مدیریت طرح و نظارت,,0,,,1395/02/03,1395/02/03,,1395/02/03,6,ماه,1395/08/03,,,,,,0,0,0,,,,,,,,مالی - در جریان,,,,,,,,,,,الحاقیه,
9301-3,پایان یافته,مدیریت توسعه صنایع پتروشیمی,خدمات مدیریت طرح و نظارت,,0,,,1395/08/03,1395/08/03,,1395/08/03,6,ماه,1396/02/03,,,,,,0,0,0,,,,,,,,,,,,,,,,,,,الحاقیه,
9302,پایان یافته,پروژه کاران کورش پرشیا,تامین نیروی کارشناسی برنامه ریزی و کنترل پروژه,نفر/ ماه,0,,,1393/04/01,,,1393/04/01,12,ماه,1394/03/31,تسویه حساب,,,,,,,,,,,,,,,نیاز نیست,,,,,,,,,,,قرارداد,
9303,در حال تحویل,ماشین سازی پارس,نصب مخازن ذخیره کربن استیل سایت پروژه متانول شرکت آپادانا خلیج فارس,33000000000,0,41585000000,,1393/06/25,1393/08/20,,1393/08/20,12,ماه,1394/08/20,تحویل موقت,قطعی,41558275253,,0.999357346,1650000000,0,4155827525,1395/10/20,9500250,1395/12/03,17 روز,1396/04/29,12,"تحویل قطعی :
1397/04/29
منتظر الحاقیه",درحال اخذ- پیگیری,"تهران - سه راه تهرانپارس - 800 متر بالاتر از ابتدای خیابان دماوند - نبش بلوار شاهد،شماره 197",یوسف شهاب الدین,"آ صمیمی 108
کریمیانپور 124","09121233807
09109205407",77707063-7,77707063-7,info@mspco.ir,دارد,در حال تهیه,"تعیین تکلیف الحاقیه
تحویل قطعی (در صورت درخواست پیمانکار)
مفاصا حساب بیمه
صورتحساب نهایی",قرارداد,
9303-1,در حال تحویل,ماشین سازی پارس,الحاقیه شماره 1,8585000000,0,,,1394/08/20,1394/08/20,,1394/08/21,10,ماه,1395/06/20,,,,,,,,,1396/05/02,9600376,1395/12/04,,,,,,,,,,,,,,,,الحاقیه,
9304,پایان یافته,بونیز سازه,اجرای دیوار حائل و ابنیه و تاسیسات مکانیکی و برقی ساختمان های انبار و کارگاه,45156672013,0,1.10745E+11,,1393/06/08,1393/06/10,,1393/06/15,10,ماه,1394/04/15,تحویل قطعی,قطعی,1.07361E+11,,0.969451484,2257833601,0,10736149896,1393/11/04,104057,1394/07/23,10 روز,1395/01/25,12,1396/02/04,مفاصا دارد,تهران - میدان ونک - خیابان ملاصدرا - خیابان شیخ بهایی - پلاک 158 - طبقه سوم ,خلیل ممتاز جهرمی,آ مهدوی,09123130850,88035389,88032413,"aziz.mahdavi@gmail.com
fatane.1981@gmail.com",دارد,دارد,,قرارداد,
9304-1,پایان یافته,بونیز سازه,ابلاغ اضافه کار در قالب 25 %,11289168003,0,,,,,,,,,,,,,,,,,,,,,,,,,,,,,,,,,,,,اضافه کار,
9304-2,پایان یافته,بونیز سازه,الحاقیه 1 - اجرای فونداسیون و سازه ساختمان کولینگ تاور,21234293331,0,,,1393/12/18,1393/12/18,,1394/02/10,8,ماه,1394/10/10,,,,,,,,0,1396/05/17,9600430,1395/07/19,60 روز,1396/09/05,12,1397/09/21,,,,,,,,,,,,الحاقیه,
9304-3,پایان یافته,بونیز سازه,ابلاغ اضافه کار در قالب 25 %,5308573333,0,,,,,,,,,,,,,,,,,,,,,,,,,,,,,,,,,,,,اضافه کار,
9304-4,پایان یافته,بونیز سازه,الحاقیه 2 - اجرای کارهای باقیمانده ساختمان کولینگ تاور سایت پتروشیمی آپادانا,27755874902,0,,,1394/12/10,1394/12/10,,1394/10/11,8.5,ماه,1395/06/31,,,,,,,,,,,,,,,,,,,,,,,,,,,الحاقیه,
9304-5,پایان یافته,بونیز سازه,الحاقیه 3 - تمدید جهت اخذ مجوز فعالیت,0,0,,,1396/01/31,1398/12/21,98/10-168,-,-,-,-,,,,,,,,0,در حال اخذ,,,,,,,,,,,,,,,,,,الحاقیه,
9305,پایان یافته,ترابر راه شقایق,ارائه خدمات حمل ونقل,2500000000,0,2944272163,,1393/05/01,,,1393/05/01,12,ماه,1394/05/01,تسویه حساب,قطعی,2944272163,,1,,,,,,,,,,,مفاصا دارد,,,,,,,,,,,قرارداد,
9305-1,پایان یافته,ترابر راه شقایق,ارائه خدمات حمل ونقل,444272163,0,,,1394/05/01,,,1394/05/01,1,ماه,1394/05/31,,,,,,,,,,,,,,,,,,,,,,,,,,,الحاقیه,
9306,پایان یافته,زمیران,استقرار یک واحد آزمایشگاه محلی جهت کنترل عملیات اجرایی پیمانکاران,916032031,0,1745040039,,1393/06/01,,,1393/06/01,12,ماه,1394/05/31,تسویه حساب,قطعی,1857786986,,1.064609949,,,,,,,,,,,مفاصا دارد,,,,,,,,,,,قرارداد,
9306-1,پایان یافته,زمیران,الحاقیه 1,600000000,0,,,1394/02/01,,,,,,,,,,,,,,,,,,,,,,,,,,,,,,,,,الحاقیه,
9306-2,پایان یافته,زمیران,ابلاغ اضافه کار در قالب 25 %,229008007.8,0,,,,,,,,,,,,,,,,,,,,,,,,,,,,,,,,,,,,الحاقیه,
9307,پایان یافته,توزین الکتریک,خرید باسکول 60 تنی,433500000,0,433500000,,1393/10/14,,,1393/10/14,1,ماه,1393/11/14,تسویه حساب,قطعی,433500000,,1,,,,,,,,,60,,خرید,,,,,,,,,,,قرارداد,
9308,پایان یافته,توزین الکتریک,نصب و راه اندازی باسکول 60 تنی,13500000,0,13500000,,1393/08/14,,,1393/08/14,15,روز,1393/08/29,تسویه حساب,قطعی,13500000,,1,,,,,,1394/03/12,,,12,1395/12/04,نیاز نیست,,,,,,,,,,,قرارداد,
9309,پایان یافته,پایدار بنا سازه آرین,خدمات مشاوره نقشه برداری و کنترل عملیات اجرایی,605250000,0,1056562500,,1393/09/01,,,1393/09/01,6,ماه,1394/02/31,تسویه حساب,قطعی,1008750000,,0.954747116,,,,,,,,,,,مفاصا دارد,,,,,,,,,,,قرارداد,
9309-1,پایان یافته,پایدار بنا سازه آرین,ابلاغ اضافه کار در قالب 25 %,151312500,0,,,,,,,,,,,,,,,,,,,,,,,,,,,,,,,,,,,,اضافه کار,
9309-2,پایان یافته,پایدار بنا سازه آرین,الحاقیه شماره 1,300000000,0,,,1394/03/01,,,1394/03/01,1,ماه,1394/03/31,,,,,,,,,,,,,,,,,,,,,,,,,,,الحاقیه,
9310,پایان یافته,پروژه کاران کوروش پرشیا,خدمات نظارت بر برنامه ریزی و کنترل پروژه,950000000,0,4364164402,,1393/09/01,,,1393/09/01,12,ماه,1394/09/30,تسویه حساب,قطعی,4364164402,,1,,,,,,,,,,,مفاصا دارد,,,,,,,,,,,قرارداد,
9310-1,پایان یافته,پروژه کاران کوروش پرشیا,الحاقیه شماره 1,1004166002,0,,,1394/04/01,,,1394/04/01,5,ماه,1394/08/30,,,,,,,,,,,,,,,,,,,,,,,,,,,الحاقیه,
9310-2,پایان یافته,پروژه کاران کوروش پرشیا,الحاقیه شماره 2,2409998400,0,,,1394/09/01,,,1394/09/01,12,ماه,1395/08/30,,,,,,,,,,,,,,,,,,,,,,,,,,,الحاقیه,
9313,پایان یافته,گوهر رخی,مشاوره خدمات مهندسی,290000000,0,290000000,,1393/10/01,,,1393/10/01,6,ماه,1394/03/31,تسویه حساب,قطعی,290000000,,1,,,,,,,,,,,شخض,,,,,,,,,,,قرارداد,
9314,پایان یافته,بونیز سازه, اجرای فنس کشی موقت پیرامونی سایت,1906806705,0,1906806705,,1393/11/11,1393/11/20,,1393/12/09,2,ماه,1394/03/03,تحویل قطعی,قطعی,2143624292,,1.124195906,95340335.25,0,214362429.2,,,1394/03/09,,94/05/02,6,1395/08/30,مفاصا دارد,دو ميليارد و يكصد و چهل و سه ميليون و ششصد و بيست و چهار هزار و دويست و نود و دو,خلیل ممتاز جهرمی,آ مهدوی,09123130850,88035389,88032413,"aziz.mahdavi@gmail.com
fatane.1981@gmail.com",دارد,دارد,,قرارداد,
9314-1,پایان یافته,بونیز سازه,الحاقیه 1 - تمدید جهت اخذ مجوز فعالیت,0,0,,,1394/05/22,1398/12/21,98/10-168,1394/05/22,7,ماه,1394/12/15,,,,,,,,,در حال اخذ,,,,,,,,,,,,,,,,,,الحاقیه,
9315,در حال تحویل,پایبست,اجرای پایپ رک بتنی,89132296171,0,1.17648E+11,,1393/11/15,1393/11/20,MT-PYT-9301-L-002,1393/12/02,12,ماه,1394/12/02,تحویل قطعی,قطعی,1.15679E+11,,0.983258608,,,,1395/04/14,9500041,"94/07/29
95/01/23
95/02/13
95/08/23
95/12/24",,"94/09/16
95/02/23
95/03/13
95/09/27
96/03/22",12,1397/03/29,مفاصا دارد,تهران – خيابان ولي عصر – ابتداي خيابان  شهيد مطهري - کوچه منصور –  شماره22- طبقه چهارم ,قاسم کريمي,آ طاهریان,09122006305,88726729-32,88726728,"info@paybastco.com
mojitaherian@yahoo.com",دارد,دارد,"تعیین تکلیف مبلغ ادعای خسارت
صورتحساب نهایی",قرارداد,
9315-1,در حال تحویل,پایبست,کسر 25% مبلغ قرارداد (حذف اجرای پایپرک زونهای 5 و 12 و 13),-22283074043,0,,,-----,1394/07/14,MT-PYT-9301-L-028,-----,-----,-----,-----,,,,,,,,,,,,,,,,,,,,,,,,,,,کسر کار,
9315-2,در حال تحویل,پایبست,ابلاغ اضافه کار در قالب 25 %,16712305532,0,,,,,,,,,,,,,,,,,,,,,,,,,,,,,,,,,,,,اضافه کار,
9315-3,در حال تحویل,پایبست,الحاقیه شماره 1,23269487782,0,,,1394/12/02, 1395/01/11,MT-PYT-9301-L-042,1394/12/03,5.5,ماه,1395/05/15,,,,,,,,,1396/05/25,9600448,,,,,,,,,,,,,,,,,الحاقیه,
9315-4,در حال تحویل,پایبست,ابلاغ اضافه کار در قالب 25 %,5817371946,0,,,,,,,,,,,,,,,,,,,,,,,,,,,,,,,,,,,,اضافه کار,
9315-5,در حال تحویل,پایبست,الحاقیه شماره 2,5000000000,0,,,1395/05/15,1396/02/21,MT-PYT-9301-L-090,1395/05/16,8,ماه,1396/01/15,,,,,,,,,,,,,,,,,,,,,,,,,,,الحاقیه,
9315-6,در حال تحویل,پایبست,الحاقیه 3 - تمدید جهت اخذ مجوز فعالیت,0,0,,,1396/01/15,1398/12/12,98/10-164,1396/01/15,32,ماه,1398/09/15,,,,,,,,,در حال اخذ,,,,,,,,,,,,,,,,,,الحاقیه,
9316,پایان یافته,صرافی,سیستم حفاظت کاتدی برای لوله های زیر زمینی (کربن-استیل) و کف مخازن و سیستم Earthing و Lightning موقت پروژه,285000000,0,285000000,,1393/11/15,,,1393/11/15,3,ماه,1394/02/15,تسویه حساب,قطعی,285000000,,1,,,,,,-,,-,ندارد,-,شخض,,,,,,,,,,,قرارداد,
9317,پایان یافته,آژند گستر لولاک,خاکبرداری و خاکریزی کوبش جاده پیرامونی,900000000,0,900000000,,1393/11/27,1393/11/27,,1393/11/28,1,ماه,1393/12/28,تسویه حساب,قطعی,939000000,,1.043333333,,,,,,1393/04/16,,-,6,"1395/11/07
",مفاصا دارد,,,,,,,,,,,قرارداد,
9318,پایان یافته,ماهان حمل عسلویه,اجرای کامل نصب برج T-3001 پروژه متانول شرکت پتروشیمی آپادانا خلیج فارس,4200000000,0,4200000000,,1393/12/16,1393/12/24,,1393/12/16,45,روز,1394/01/28,تسویه حساب,قطعی,4200000000,,1,,,,,,94/02/15,,1394/02/15,1,1394/03/31,مفاصا دارد,,,,,,,,,,,قرارداد,
9319,در حال تحویل,درب ایمنی خرم,حمل و نصب 5 عدد درب ضد انفجار,694819250,0,707697800,,1393/12/15,1393/12/15,,1393/12/15,35,روز,1394/01/20,تحویل قطعی,قطعی,675613550,,0.954663912,0,0,67561355,1394/01/26,5741,-,-,-,-,1398/06/30,درحال اخذ- مالی,,ناهید سلیم زاده,"خ مقدم
آ میرزایی","09128179469
09125798288","88919840
88904500",,m.mirzaee@khorramsafe.ir,-,,تعیین تکلیف,قرارداد,
9319-1,در حال تحویل,درب ایمنی خرم,حمل از سایت به کارگاه ساخت و بالعکس,12878550,0,,,,,,,,,,,,,,,,,,,,,,,,,,,,,,,,,,,,اضافه کار,
9401,پایان یافته,زاویه یاب,مشاوره نقشه برداری وکنترل عملیات اجرایی پیمانکاران,1332000000,0,1665000000,,1394/04/01,1394/03/28,MT-ZYT-9301-L-01,1394/04/01,12,ماه,1395/06/01,تسویه حساب,قطعی,2042369408,,1.226648293,,,,,,-,,-,ندارد,1396/01/28,مفاصا دارد,,,,,,,,,,,قرارداد,
9401-1,پایان یافته,زاویه یاب,ابلاغ اضافه کار,333000000,0,,,,,,,,,,,,,,,,,,,,,,,,,,,,,,,,,,,,اضافه کار,
9402,پایان یافته,پارکو,نصب برج های 3002 و 3003 پروژه متانول پتروشیمی آپادانا خلیج فارس,26950000000,0,35397500000,,1394/05/01,1394/05/14,394,1394/08/05,5,ماه,1395/01/04,تسویه حساب,قطعی,35311593436,,0.99757309,1347500000,0,3531159344,1394/06/18,57846," تاور 3003:
1395/06/03
تاور 3002 :
 1395/04/06",,"رفع پانچ 3003: 
1395/10/13
رفع پانچ 3002:
 1395/04/06  ",3,1395/11/24,مفاصا دارد,"کنگان، روبروی تمبک جدید، جنب ساختمان خوش خبر ",سعید نکویی مهر,"آقای موحدی
خانم شیبانی
آقای توکلی
139",,031-36290701,031-36251933 ,"info@parcogroups.com
sheybani@parcogroups.com",-,,صورتحساب نهایی,قرارداد,
9402-1,پایان یافته,پارکو,ابلاغ اضافه کار,6737500000,0,,,,,,,,,,,,,,,,,,,,,,,,,,,,,,,,,,,,اضافه کار,
9402-2,پایان یافته,پارکو,الحاقیه شماره 1,0,0,,,1395/01/05,1396/10/04,MT-PGI-9609-L-001,1395/01/05,6,ماه,1395/06/31,,,,,,,,,1395/09/24,90924,,,,,,,,,,,,,,,,,الحاقیه,
9402-3,پایان یافته,پارکو,متمم قرارداد و الحاقیه 1,1710000000,0,,,1396/07/17,1396/10/04,MT-PGI-9609-L-002,,,,,,,,,,,,,,,,,,,,,,,,,,,,,,,الحاقیه,
9403,لغو شده,------------,مربوط به هیچ قراردادی نیست ,,,,,,,,,,,,,,,,,,,,,,,,,,,کنسل,,,,,,,,,,,,
9404,پایان یافته,احداث نیرو صنعت جنوب,"تهیه متریال، اجرا و راه اندازی شبکه برق",3871713312,0,5379220475,,1394/04/08,1394/04/24,341,1394/05/22,3,ماه,1394/07/22,تسویه حساب,قطعی,4626965662,,0.860155423,,,,,,1395/04/31,,1396/01/31,6,1396/08/21,مفاصا دارد,,,,,,,,,,,قرارداد,
9404-1,پایان یافته,احداث نیرو صنعت جنوب,ابلاغ اضافه کار,967928328,0,,,,,,,,,,,,,,,,,,,,,,,,,,,,,,,,,,,,اضافه کار,
9404-2,پایان یافته,احداث نیرو صنعت جنوب,"تهیه متریال، اجرا و راه اندازی شبکه برق 20 و 0/4 کیلو ولت ساختمان های صنعتی پروژه",539578835,0,,,1394/07/23,1396/08/01,1396,1394/07/23,9.5,ماه,1395/04/31,,,,,,,,,,,,,,,,,,,,,,,,,,,الحاقیه,
9405,پایان یافته,ترابر راه شقایق,استقرار واحد فوریت های پزشکی در سایت آپادانا خلیج فارس ,2799000000,0,3998750000,,1394/05/03,1394/05/31,415,1395/05/10,12,ماه,1395/05/10,تسویه حساب,قطعی,3904785531,,0.976501539,,,,,,-,,-,ندارد,1395/12/11,مفاصا دارد,,,,,,,,,,,قرارداد,
9405-1,پایان یافته,ترابر راه شقایق,ابلاغ اضافه کار,699750000,0,,,,,,,,,,,,,,,,,,,,,,,,,,,,,,,,,,,,اضافه کار,
9405-2,پایان یافته,ترابر راه شقایق,الحاقیه شماره 1,500000000,0,,,1395/05/10,1395/09/01,2006,1395/05/11,5,ماه,1395/09/30,,,,,,,,,1396/04/13,9600308,-,,-,ندارد,"1395/12/11
قطعی",,,,,,,,,,,,الحاقیه,
9406,پایان یافته,زمیران,استقرار یک واحد آزمایشگاه محلی جهت کنترل عملیات اجرایی پیمانکاران,1763827428,0,2204784285,,1394/06/01,1394/07/21,510,1394/06/01,12,ماه,1395/05/31,تسویه حساب,قطعی,2174138520,,0.986100334,88191371.4,0,217413852,1394/09/21,91889,-,,-,ندارد,1395/06/31,مفاصا دارد,"تهران – خیابان میرزای شیرازی، خیابان شهید خدری (شاهین)، شماره ۶۸",سعید جلولی,"حمید زاده
آ درخشانی",,"88348656
02637308973-4",88827425,zamiranlab@yahoo.com,-,-,,قرارداد,
9406-1,پایان یافته,زمیران,افزایش زمان قرارداد,440956857,0,,,----,1395/06/13,962,1395/06/01,1,ماه,1395/06/31,,,,,,,,,,,-,,-,ندارد,ندارد,,,,,,,,,,,,الحاقیه,
9407,پایان یافته, کوهپایه انارستان,"ارائه خدمات حفاظت فیزیکی، نگهبانی و حراست آپادانا خلیج فارس",7433147214,0,11691434018,,1394/07/01,1394/08/06,523,1394/07/01,12,ماه,1395/07/01,تسویه حساب,قطعی,11509193383,,0.984412465,,,,,,-,,-,ندارد,1395/11/16,مفاصا دارد,,,,,,,,-,-,,قرارداد,
9407-1,پایان یافته, کوهپایه انارستان,ابلاغ اضافه کار,1858286804,0,,,,,,,,,,,,,,,,,,,,,,,,,,,,,,,,,,,,اضافه کار,
9407-2,پایان یافته, کوهپایه انارستان,افزایش زمان و مبلغ قرارداد (25 %),2400000000,0,,,1395/07/01,1395/09/01,2007,1395/07/01,3,ماه,1395/09/30,,,,,,,,,1396/04/12,9600289,-,,-,ندارد,1395/11/16,,,,,,,,,-,-,,الحاقیه,
9408,پایان یافته,ترابر راه شقایق,تأمین خدمات عمومی و پشتیبانی,6953051846,0,8691314808,,1394/06/01,1394/06/31,486,1394/06/01,12,ماه,1395/05/31,تسویه حساب,قطعی,8621422698,,0.991958396,,,,,,-,,-,ندارد,1395/12/11,مفاصا دارد,,,,,,,,-,-,,قرارداد,
9408-1,پایان یافته,ترابر راه شقایق,ابلاغ اضافه کار,1738262962,0,,,,,,,,,,,,,,,,,,,,,,,,,,,,,,,,,,,,اضافه کار,
9408-2,پایان یافته,ترابر راه شقایق,ابلاغ افزایش زمان قرارداد,0,0,,,----,1395/06/28,986,1395/06/01,1,ماه,1395/06/31,,,,,,,,,1397/03/07,9700231,,,,,,,,,,,,,,-,-,,الحاقیه,
9408-3,پایان یافته,ترابر راه شقایق,ابلاغ افزایش زمان قرارداد,0,0,,,----,1395/07/06,994,1395/07/01,1,ماه,1395/07/30,,,,,,,,,,,,,,,,,,,,,,,,-,-,,الحاقیه,
9409,پایان یافته,ترابر راه شقایق,خدمات ترابری سایت پروژه متانول آپادانا خلیج فارس,2930000000,0,3662500000,,1394/06/01,1394/07/18,508,1394/06/10,12,ماه,1395/06/10,تسویه حساب,قطعی,3662500000,,1,,,,,,-,,-,ندارد,1395/12/11,مفاصا دارد,,,,,,,,-,-,,قرارداد,
9409-1,پایان یافته,ترابر راه شقایق,ابلاغ اضافه کار,732500000,0,,,,,,,,,,,,,,,,,,,,,,,,,,,,,,,,,,,,اضافه کار,
9410,در حال تحویل,بازرسی فنی و کنترل خوردگی تکین کوی,انجام خدمات بازرسی فنی و تضمین کیفیت کارگاهی,7728000000,0,9660000000,,1394/07/23,1394/08/30,550,1394/07/23,24,ماه,1396/07/22,تحویل قطعی,قطعی,8232330970,,0.852208175,386400000,0,823233097,1394/11/13,111767,1397/04/31,-,-,12,1398/07/30,درحال اخذ- مالی,"تهران، خیابان شهید مطهری، خیابان کوه نور، پلاک 18",محمد علی جبرئیلی ,"آ قنبری
آ دهقان
آ قادری",09120064842,"88741027-9
88735597",88741040,contract@techinco.net,-,-,"مجوز فعالیت الحاقیه
مفاصا حساب بیمه",قرارداد,
9410-1,در حال تحویل,بازرسی فنی و کنترل خوردگی تکین کوی,الحاقیه 1-ادامه خدمات بازرسی (در قالب 25 %),1932000000,0,,,1396/07/23,1397/03/13,MT-IT-9609-L-003,1396/07/23,7,ماه,1397/02/31,,,,,,,,,1398/07/29,98101651,,,,,,,,,,,,,,,,,الحاقیه,
9410-2,در حال تحویل,بازرسی فنی و کنترل خوردگی تکین کوی,الحاقیه 2 - تمدید جهت اخذ مجوز فعالیت,0,0,,,1397/02/31,1398/12/21,98/10-169,1397/02/31,2,ماه,1397/05/06,,,,,,,,0,در حال اخذ,,,,-,,,,,,,,,,,,,,الحاقیه,
9411,در حال تحویل,بازرسی فنی و کنترل خوردگی تکین کوی,انجام خدمات بازرسی فنی تجهیزات و کالای پروژه متانول آپادانا خلیج فارس - بازرسی های خارجی,2836000000,0,3545000000,8000,1394/07/23,1394/09/02,553,1394/07/23,24,ماه,1396/07/23,تحویل قطعی,قطعی,4186607000,,0.962224824,141800000,0,578660700,1394/11/13,111766,1397/04/31,-,-,12,1398/07/30,در حال اخذ - مالی,"تهران، خیابان شهید مطهری، خیابان کوه نور، پلاک 18",محمد علی جبرئیلی ,"آ قنبری
آ دهقان",09120064842,"88741027-9
88735597",88741040,contract@techinco.net,-,-,"مجوز فعالیت الحاقیه
مفاصا حساب بیمه",قرارداد,
9411-1,در حال تحویل,بازرسی فنی و کنترل خوردگی تکین کوی,الحاقیه 1-ادامه خدمات بازرسی (در قالب 25 %),709000000,0,,,1396/07/23,1397/03/13,MT-IT-9609-L-004,1396/07/23,7,ماه,1397/02/31,,,,,,,,,1398/10/30,98101668,,,,,,,,,,,,,,,,,الحاقیه,
9411-2,در حال تحویل,بازرسی فنی و کنترل خوردگی تکین کوی,الحاقیه 2 - افزایش مبلغ قرارداد,0,8000,,,1397/02/01,1397/08/30,97/10-073,----,----,----,----,,,,,,,,,,,,,,,,,,,,,,,,,,,الحاقیه,
9411-3,در حال تحویل,بازرسی فنی و کنترل خوردگی تکین کوی,الحاقیه 3 - تمدید جهت اخذ مجوز فعالیت,0,0,,,1397/02/31,1397/08/30,98/10-169,1397/02/31,8.5,ماه,1397/10/19,,,,,,,,0,در حال اخذ,,,,-,,,,,,,,,,,,,,الحاقیه,
9412,پایان یافته,آژند گستر لولاک,اجرای جاده دسترسی به سایت,1750000000,0,2187500000,,1394/08/10,1394/09/07,584,1394/08/10,45,روز,1394/09/25,تسویه حساب,قطعی,2122946104,,0.970489648,,,,,,1394/11/26,,1395/01/30,6,1395/12/07,مفاصا دارد,,,,,,,,-,-,,قرارداد,
9412-1,پایان یافته,آژند گستر لولاک,ابلاغ اضافه کار,437500000,0,,,,,,,,,,,,,,,,,,,,,,,,,,,,,,,,,,,,اضافه کار,
9413,در حال تحویل,پایبست,"نصب سینی، پله، پاگرد برج های فرآیندی گروه یک پروژه متانول پتروشیمی آپادانا خلیج فارس",9850000000,0,14261403097,,1394/11/28,1394/12/15,MT-PYT-9301-L-041,1395/02/01,6,ماه,1395/07/30,تحویل قطعی,قطعی,14144086049,,0.991773807,492500000,0,1414408605,1395/02/12,12631,1395/10/13 1395/09/09,"30 روز
30روز","1395/12/01
1395/12/04
1396/03/25",12,1398/09/09,مالی -درحال اخذ,تهران – خيابان ولي عصر – ابتداي خيابان  شهيد مطهري - کوچه منصور –  شماره22- طبقه چهارم ,قاسم کريمي,آ طاهریان,09122006305,88726729-32,88726728,"info@paybastco.com
mojitaherian@yahoo.com",دارد,دارد,"امضای صورتجلسه تحویل قطعی توسط کارفرما و ابلاغ
صورتحساب نهایی
مفاصا حساب بیمه",قرارداد,
9413-1,در حال تحویل,پایبست,ابلاغ اضافه کار در قالب 25 %,2462500000,0,,,-,1395/12/24,MT-PYT-9301-L-081,,,,,,,,,,,,,1398/11/21,981011565,,,,,,,,,,,,,,,,,اضافه کار,
9413-2,در حال تحویل,پایبست,الحاقیه 1  - کارهای اضافی و جبران هزینه تاخیرات,1948903097,0,,,1398/08/01,1397/08/29,97/10-071/1,1395/08/01,2.5,ماه,1395/10/15,,,,,,,,,,,,,,,,,,,,,,,,,,,الحاقیه,
9413-3,در حال تحویل,پایبست,الحاقیه 2 - تمدید جهت اخذ مجوز فعالیت,0,0,,,1395/10/15,1398/12/12,98/10-161,1395/10/15,21,ماه,1398/07/17,,,,,,,,0,1399/03/18,991012369,,,,,,,,,,,,,,,,,الحاقیه,
9414,پایان یافته,زمین فیزیک پویا,انجام مطالعات لرزه خیزی وتحلیل خطر زلزله,280000000,0,280000000,,1394/10/01,1394/012/03,651,1394/10/01,30,روز,1394/10/30,تحویل قطعی,قطعی,280000000,,1,,0,28000000,-,مشمول نیست,-,-,-,45 روز,1396/12/21,مالی -درحال اخذ,,کاظم مرادی هرسینی,آ آزادی,,88229609,,asghar_azadi_2007@yahoo.com,-,-,مفاصا حساب بیمه,قرارداد,
9415,پایان یافته,آترابان سورین,خرید چهار دستگاه دوربین مدار بسته و متعلقات,689426193,0,861782741.3,,1394/11/25,1394/11/29,648,1394/11/29,15,روز,1394/12/13,تسویه حساب,قطعی,745459741,,0.865020504,,0,74545974.1,-,مشمول نیست,"1395/05/25
",,-,3,1395/08/30,خرید,,علیرضا بیک طهرانی,خ افشاری,105,26652056,,afshari.h@atraban.com,-,-,,قرارداد,
9415-1,پایان یافته,آترابان سورین,ابلاغ اضافه کار,172356548.3,0,,,,,,,,,,,,,,,,,,,,,,,,,,,,,,,,,,,,اضافه کار,
9416,پایان یافته,عامل سیستم,خرید و پشتیبانی سیستم جامع حراست,235000000,0,235000000,,1394/10/10,1394/11/07,246,1394/11/07,12,ماه,1395/11/07,تسویه حساب,قطعی,235000000,,1,,,,,,-,,-,12,1396/10/18,مفاصا دارد,,,,,,,,-,-,,قرارداد,
9417,پایان یافته,مدیریت توسعه صنایع پتروشیمی,خدمات انبارداری,6800000000,0,6800000000,,1394/11/01,1394/11/07,466,1394/11/01,24,ماه,1396/11/01,تسویه حساب,قطعی,1983333331,,0.291666666,,,,,,-,,-,ندارد,اعلام اتمام طی نامه شماره 194 مورخ 1395/04/31,مفاصا دارد,,,,,,,,-,-,,قرارداد,
9418,پایان یافته,آترابان سورین,نصب و راه اندازی چهار دستگاه دوربین مدار بسته و متعلقات,95000000,0,95000000,,1394/11/25,1394/11/29,647,1394/11/29,1,ماه,1394/12/29,تسویه حساب,قطعی,95000000,,1,,0,9500000,-,مشمول نیست,"1395/05/25
",,-,3,1395/08/30,مفاصا دارد,,علیرضا بیک طهرانی,خ افشاری,105,26652056,,afshari.h@atraban.com,-,-,,قرارداد,
9419,پایان یافته,عملیات غیر صنعتی پازارگاد,"انجام خدمات تامین، بارگیری، حمل و تخلیه آب هیدروتست تجهیزات پروژه",538800000,0,673500000,,1394/12/01,1395/01/11,671,1395/01/12,3,ماه,1395/04/11,تسویه حساب,قطعی,551356734,,0.818644,26940000,0,55135673.4,1397/10/15,9701119,-,-,-,ندارد,,خرید,عسلویه - سایت مثلثی,ابراهیم یاسری ,آ رحیمی,09171719754,07737323201-4,07737321146,pazargad1396@gmail.com,-,-,"مجوز فعالیت
تحویل قطعی",قرارداد,
9419-1,پایان یافته,عملیات غیر صنعتی پازارگاد,ابلاغ اضافه کار,134700000,0,,,,,,,,,,,,,,,,,,,,,,,,,,,,,,,,,,,,اضافه کار,
9420,پایان یافته,اروند قدرت دوان پویا,تامین نیروی انسانی ماهر و اجرای برخی از فعالیت های ساختمانی و تاسیساتی,1776302300,0,1776302300,,1394/12/20,1395/02/08,699,1394/12/20,3,ماه,1395/03/20,تسویه حساب,قطعی,1750081106,,0.985238327,,0,175008110.6,1395/04/28,39480,-,,-,12,,مفاصا دارد,,,آ دوانی پور,09175570900,07132190250,,,-,-,,قرارداد,
9501,در حال تحویل,پایبست,اجرای فونداسیون بویلرهای کمکی پروژه متانول آپادانا خلیج فارس,2925592500,0,3656990625,,1395/02/07,1395/02/13,MT-PYT-9301-L-047,1395/02/25,8,ماه,1395/10/25,تحویل قطعی,قطعی,3540026939,,0.968016411,146279625,0,354002693.9,,,1395/09/29,,1395/10/19,12,1396/10/23,مفاصا دارد,تهران – خيابان ولي عصر – ابتداي خيابان  شهيد مطهري - کوچه منصور –  شماره22- طبقه چهارم ,قاسم کريمي,آ طاهریان,09122006305,88726729-32,88726728,"info@paybastco.com
mojitaherian@yahoo.com",دارد,دارد,صورتحساب نهایی,قرارداد,
9501-1,در حال تحویل,پایبست,ابلاغ اضافه کار در قالب 25 %,731398125,0,,,-----,1396/02/25,MT-PYT-9301-L-087,,,,,,,,,,,,,,,,,,,,,,,,,,,,,,,اضافه کار,
9501-2,در حال تحویل,پایبست,الحاقیه 1 - تمدید جهت اخذ مجوز فعالیت,0,0,,,1395/10/25,1399/02/08,99/10-17,1395/10/26,5,ماه,1396/03/25,,,,,,,,,1399/03/18,991012389,,,,,,,,,,,,,,,,,الحاقیه,
9502,پایان یافته,بونیز سازه,"فعالیت های سیویل و استراکچر، نصب تجهیزات و لوله کشی صنعتی",1.34316E+11,0,93494696974,,1395/02/20,1395/02/29,MT-BST-9301-L-062,1395/03/08,14,ماه,1396/05/08,تحویل قطعی,قطعی,93494696974,,1,6715823662,0,9349469697,1395/12/04,9500343,1396/07/23,25 روز,1396/09/05,12,1397/09/21,مفاصا دارد,تهران - میدان ونک - خیابان ملاصدرا - خیابان شیخ بهایی - پلاک 158 - طبقه سوم ,خلیل ممتاز جهرمی,آ مهدوی,09123130850,88035389,88032413,"aziz.mahdavi@gmail.com
fatane.1981@gmail.com",دارد,دارد,,قرارداد,
9502-1,پایان یافته,بونیز سازه,تمدید زمانی قرارداد,-48306473397,0,,,1396/05/08,1397/05/15,MT-BST-9609-L-007,1396/05/08,7.5,ماه,1396/12/29,,,,,,,,,1397/09/12,9700949,,,,,,,,,,,,,,,,,الحاقیه,
9502-2,پایان یافته,بونیز سازه,تمدید زمانی قرارداد و پرداخت مبلغ ادعای پیمانکار,7484697141,0,,,1397/01/01,1398/01/19,98/10-005,1397/01/01,13,ماه,1398/01/31,,,,,,,,0,1398/04/16,98000396,,,,,,,,,,,,,,,,,الحاقیه,
9503,پایان یافته,آژند گستر لولاک,تسطیح زمین اطراف تاور 3003 و اطراف مخزن 7201,720000000,0,720000000,,1395/03/26,1395/04/19,896,1395/03/26,35,روز,1395/04/30,تسویه حساب,قطعی,540795337,,0.751104635,,,,,,1395/11/07,,-,1,"1396/04/03
",مفاصا دارد,,,,,,,,-,-,,قرارداد,
9504,پایان یافته,مهندسین مشاور سیراوند,خدمات نقشه برداری و کنترل عملیات اجرایی پیمانکاران,2265000000,0,2831250000,,1395/05/01,1395/05/12,929,1395/06/01,12,ماه,1396/05/31,تسویه حساب,قطعی,2453750000,,0.866666667,,,,1395/08/04,9500064,-,,-,ندارد,1396/10/28,مفاصا دارد,,,,,,,,-,-,,قرارداد,
9504-1,پایان یافته,مهندسین مشاور سیراوند,ابلاغ اضافه کار,566250000,0,,,,,,,,,,,,,,,,,,,,,,,,,,,,,,,,,,,,اضافه کار,
9505,پایان یافته,ترابر راه شقایق,خدمات ترابری سایت پروژه متانول آپادانا خلیج فارس,5132400000,0,6815500000,,1395/04/08,1395/04/28,907,1395/04/08,12,ماه,1396/04/07,تسویه حساب,قطعی,6616962333,,0.970869684,,,,1395/08/04,9500063,-,,-,ندارد,1396/10/13,مفاصا دارد,,,,,,,,-,-,,قرارداد,
9505-1,پایان یافته,ترابر راه شقایق,ابلاغ اضافه کار,1283100000,0,,,,,,,,,,,,,,,,,,1397/03/08,9700267,,,,,,,,,,,,,,,,,اضافه کار,
9505-2,پایان یافته,ترابر راه شقایق,تامین خودرو (ادامه قرارداد),400000000,0,,,1396/05/01,1396/09/18,1446,1396/05/01,22,روز,1396/05/22,,,,,,,,,,,-,,-,,,,,,,,,,,,,,الحاقیه,
9506,پایان یافته,عملیات غیر صنعتی پازارگاد,خدمات تامین آب هیدروتست مخازن پروژه متانول آپادانا خلیج فارس,359200000,0,365486000,,1395/03/15,1396/05/26,947,1395/03/15,3,ماه,1395/06/15,تسویه حساب,قطعی,365486000,,1,17960000,0,36548600,1397/10/15,9701120,-,-,-,ندارد,,خرید,عسلویه - سایت مثلثی,ابراهیم یاسری ,آ رحیمی,09171719754,07737323201-4,07737321146,pazargad1396@gmail.com,-,-,,قرارداد,
9506-1,پایان یافته,عملیات غیر صنعتی پازارگاد,افزایش حجم,6286000,0,,,----,1397/04/30,1712,,,,,,,,,,,,0,,,-,,-,,,,,,,,,,,,,,اضافه کار,
9507,پایان یافته,محیا پارس جاوید ,عملیات آماده سازی موقت ساختمان آزمایشگاه پروژه آپادانا خلیج فارس ,1968570000,0,2460712500,,1395/05/15,1395/05/24,944,1395/06/04,6,ماه,1395/12/04,تسویه حساب,قطعی,2354938489,,0.957014885,,,,1395/08/11,9500080,1395/12/17,,1395/12/17,6,1395/07/15,مفاصا دارد,,,,,,,,-,-,,قرارداد,
9507-1,پایان یافته,محیا پارس جاوید ,ابلاغ اضافه کار,492142500,0,,,,,,,,,,,,,,,,,,,,,,,,,,,,,,,,,,,,اضافه کار,
9508,پایان یافته,اریکه پرداز آریا,خدمات انبارداری پروژه متانول آپادانا خلیج فارس,3840000000,0,4800000000,,1395/05/01,1395/07/18,1037,1395/07/26,12,ماه,1396/07/26,تسویه حساب,قطعی,4681159416,,0.975241545,,,,1395/09/07,9500139,-,,-,ندارد,1396/12/24,مفاصا دارد,,,,,,,,-,-,,قرارداد,
9508-1,پایان یافته,اریکه پرداز آریا,ابلاغ افزایش زمان و مبلغ قرارداد (25 %),960000000,0,,,1396/07/26,1396/10/04,MT-APT-9609-L-001,1396/07/27,3,ماه,1396/10/30,,,,,,,,,1396/11/24,9600991,,,,,,,,,,,,,,,,,الحاقیه,
9509,پایان یافته,بیمه البرز, بیمه ساخت و نصب  پتروشیمی آپادانا,0,0,,,1395/05/30,1395/08/18,1096,1395/05/30,--,--,1398/05/23,تسویه حساب,قطعی,2127049446,,--,0,0,,-,مشمول نیست,-,-,-,ندارد,-,-,-,-,-,-,-,-,-,-,-,,قرارداد,
9510,پایان یافته,سپهر دقیق,"اجرای سیستم اعلان حریق ساختمان انبار، کارگاه، پست برق و کنترل",245329000,0,306661250,,1395/05/20,1395/06/03,956,1395/06/04,4,ماه,1395/10/04,تسویه حساب,قطعی,306655000,,0.999979619,,,,-,مشمول نیست,1395/12/19,,1396/03/01,4,1396/07/03,مفاصا دارد,,,,,,,,-,-,,قرارداد,
9510-1,پایان یافته,سپهر دقیق,ابلاغ اضافه کار,61332250,0,,,,,,,,,,,,,,,,,,,,,,,,,,,,,,,,,,,,اضافه کار,
9511,پایان یافته,رهام گاز,خرید و حمل نیتروژن مایع,214730000,0,214730000,,1395/06/04,1395/06/20,979,1395/06/20,2,روز,1395/06/22,تسویه حساب,قطعی,214730000,,1,,0,21473000,-,مشمول نیست,-,,-,ندارد,1395/06/31,خرید,,خانم قره گز لو,آ کمالی,09122079352,44983782,,,-,-,,قرارداد,
9512,پایان یافته,کوبان کاو ,استقرار یک واحد آزمایشگاه محلی جهت کنترل عملیات اجرایی پیمانکاران,2062313177,0,2062313177,,1395/07/01,13945/07/14,1020,1395/07/01,12,ماه,1396/06/31,تسویه حساب,قطعی,1844975617,,0.894614667,103115658.9,0,184497561.7,1395/10/05,9500202,-,-,-,ندارد,1396/12/26,مفاصا دارد,,هرمز فامیلی,"خ فریاد
آ خاکساری 148
امین 152",09358757680,"88009888
داخلی 2",,,-,-,,قرارداد,
9512-1,پایان یافته,کوبان کاو ,تمدید زمانی قرارداد,0,0,,,----,1396/09/08,1436,1396/07/01,2,ماه,1396/08/30,,,,,,,,0,1397/11/02,9701219,,,,,,,,,,,,,,,,,الحاقیه,
9513,پایان یافته,طبیعت نمای جنوب,تأمین خدمات عمومی و پشتیبانی,8590928557,0,14488660696,,1395/08/01,1395/09/01,2005,1395/08/01,12,ماه,1396/07/30,تسویه حساب,قطعی,13833522069,,0.954782665,,,,1396/01/29,9600040,-,,-,ندارد,1396/11/15,مفاصا دارد,,,,,,,,-,-,,قرارداد,
9513-1,پایان یافته,طبیعت نمای جنوب,ابلاغ اضافه کار,2147732139,0,,,,,,,,,,,,,,,,,,,,,,,,,,,,,,,,,,,,اضافه کار,
9513-2,پایان یافته,طبیعت نمای جنوب,ادامه تأمین خدمات عمومی و پشتیبانی,3000000000,0,,,1396/04/01,1396/05/15,1330,1396/04/01,2,ماه,1396/06/01,,,,,,,,,,,,,,,,,,,,,,,,,,,الحاقیه,
9513-3,پایان یافته,طبیعت نمای جنوب,ابلاغ اضافه کار,750000000,0,,,,,,,,,,,,,,,,,,,,,,,,,,,,,,,,,,,,اضافه کار,
9514,پایان یافته, کوهپایه انارستان,"ارائه خدمات حفاظت فیزیکی، نگهبانی و حراست",12687564658,0,15859455823,,1395/09/06,1395/10/04,1114,1395/10/01,12,ماه,1396/09/30,تسویه حساب,قطعی,15858169721,,0.999918906,,,,1395/12/16,9500369,-,,-,ندارد,1396/12/24,مفاصا دارد,,فراهانی,,09177726012,,,,-,-,,قرارداد,
9514-1,پایان یافته, کوهپایه انارستان,الحاقیه 1,3171891165,0,,,1396/09/01,1396/09/01,1611,1396/10/01,1,ماه,1396/10/30,,,,,,,,,1397/04/10,9700397,,,,,,,,,,,,,,,,,الحاقیه,
9515,پایان یافته,آسیا امداد کیمیا,استقرار واحد فوریت های پزشکی,2190000000,0,2737500000,,1395/10/01,1395/10/11,1124,1395/10/01,12,ماه,1396/09/30,تسویه حساب,قطعی,2736424742,,0.999607212,109500000,0,273642474.2,-,مشمول نیست,-,-,-,ندارد,1397/04/30,مفاصا دارد,,محمد علی نیکوکار ,"خ زادگان
آ نیکوکار","09190710043
09177116779",88990115,88990116,asia.emdad@gmail.com,-,-,,قرارداد,
9515-1,پایان یافته,آسیا امداد کیمیا,ابلاغ اضافه کار,547500000,0,,,,,,,,,,,,,,,,,,,,,,,,,,,,,,,,,,,,اضافه کار,
9515-2,پایان یافته,آسیا امداد کیمیا,تمدید زمانی قرارداد,0,0,,,1396/10/01,1396/12/22,1580,1396/10/01,3,ماه,1396/12/29,,,,,,,,0,,,,,,,,,,,,,,,,,,,الحاقیه,
9516,پایان یافته,ترابر راه شقایق,تامین یک دستگاه لیفتراک ده تنی با راننده,800000000,0,800000000,,1395/01/07,1395/01/10,,1395/01/10,10,ماه,1395/10/09,تسویه حساب,قطعی,883950102,,1.104937628,,,,1396/08/07,9600648,-,,-,ندارد,1396/03/25,مفاصا دارد,,,,,,,,,,,قرارداد,
9517,لغو شده,------------,مربوط به هیچ قراردادی نیست ,,,,,,,,,,,,,,,,,,,,,,,,,,,کنسل,,,,,,,,,,,,
9518,پایان یافته,خانم راجی اسد آبادی, ارائه و خدمات مشاوره جایزه تعالی,255000000,0,255000000,,1395/10/18,1395/11/12,1142,1395/10/04,50,روز,1395/11/22,تسویه حساب,قطعی,255000000,,1,,,,-,مشمول نیست,-,,-,ندارد,-,شخض,,,,,,,,,,,قرارداد,
9601,پایان یافته,انتشار موج پارس,تجهیزات شبکه رادیویی دیجیتال موقت,1961289560,0,1961289560,,1396/04/01,1396/04/13,1307,1396/04/13,4,ماه,1396/08/12,تسویه حساب,قطعی,1898083580,,0.967773254,98064478,0,189808358,1397/02/18,9700122,1397/02/23,21 روز,1397/05/23,12,1398/04/26,مفاصا دارد,,مریم کوه بر حقیقی,آ قره گز لو,,44975973 ,44978929 ,,-,-,تحویل قطعی پس از اتمام دوره تضمین,قرارداد,
9601-1,پایان یافته,انتشار موج پارس,تمدید زمانی قرارداد,,0,,,1396/08/13,1396/08/13,1627,1396/08/13,7,ماه,1397/03/13,,,,,,,,0,1397/04/19,9700425,,,,,,,,,,,,,,,,,الحاقیه,
9602,پایان یافته,فن آوران ارتباطات پالیز," طراحی ، نصب ، راه اندازی به همراه پشتیبانی پورتال",235000000,0,235000000,,1396/03/20,1396/04/13,1305,1396/03/20,70,روز,1396/05/28,تسویه حساب,قطعی,235000000,,1,11750000,0,23500000,-,مشمول نیست,1396/12/19,-,-,12,1397/12/19,مفاصا دارد,"تهران، خیابان پاسداران، خیابان شهید کلاهدوز، خیابان مفاخری، شماره 15، واحد همکف",علیرضا جهانگرد رفسنجانی,"آ دارومی
112
مالی",,"22824433
22824428",22595079,info@palizct.com,-,-,,قرارداد,
9602-1,پایان یافته,فن آوران ارتباطات پالیز,تمدید زمانی قرارداد,,0,,,1396/05/28,1397/04/05,1684,1396/05/28,275,روز,1397/02/31,,,,,,,,0,,,,,,,,,,,,,,,,,,,الحاقیه,
9603,پایان یافته,فولاد گستر کوشا آرا,فروش اقلام ضایعاتی و مستعمل ,1360820000,0,1701025000,,1396/06/01,1396/06/15,1354,1396/06/15,30,روز,1396/07/13,تسویه حساب,قطعی,1657913200,,0.974655399,,,,-,مشمول نیست,-,,-,ندارد,ندارد,خرید,,,,,,,,-,-,,قرارداد,
9603-1,پایان یافته,فولاد گستر کوشا آرا,ابلاغ اضافه کار,340205000,0,,,,,,,,,,,,,,,,,,,,,,,,,,,,,,,,,,,,اضافه کار,
9604,پایان یافته,برید سامانه نوین,نصب و راه اندازی سیستم پرگار,282000000,0,282000000,,1396/04/21,1396/05/16,1333,1396/05/16,30,روز,1396/06/14,تسویه حساب,قطعی,282000000,,1,,0,28200000,-,مشمول نیست,1396/05/01,,-,6,1396/10/16,مفاصا دارد,,,خ نوری,,83192405,,,-,-,,قرارداد,
9605,پایان یافته,عملیات غیر صنعتی پازارگاد,خدمات ترابری سایت ,8271320400,0,10339150500,,1396/05/23,1396/11/29,1549,1396/05/23,12,ماه,1397/05/22,تسویه حساب,قطعی,9674584992,,0.935723394,413566020,0,967458499.2,1397/10/15,9701118,-,-,-,ندارد,1397/12/15,مفاصا دارد,عسلویه - سایت مثلثی,ابراهیم یاسری ,آ رحیمی,09171719754,07737323201-4,07737321146,pazargad1396@gmail.com,-,-,"مجوز فعالیت
تحویل قطعی",قرارداد,
9605-1,پایان یافته,عملیات غیر صنعتی پازارگاد,ابلاغ اضافه کار,2067830100,0,,,,,,,,,,,,,,,,,,,,,,,,,,,,,,,,,,,,اضافه کار,
9606,پایان یافته,عملیات غیر صنعتی پازارگاد,تامین خدمات عمومی و پشتیبانی,16330735357,0,20413419196,,1396/06/01,1396/10/02,1476,1396/06/01,12,ماه,1397/05/31,تسویه حساب,قطعی,18040753089,,0.883769295,816536767.9,0,1804075309,1397/10/15,9701117,-,-,-,ندارد,1398/03/01,مفاصا دارد,عسلویه - سایت مثلثی,ابراهیم یاسری ,آ رحیمی,09171719754,07737323201-4,07737321146,pazargad1396@gmail.com,-,-,"مجوز فعالیت
تحویل قطعی",قرارداد,
9606-1,پایان یافته,عملیات غیر صنعتی پازارگاد,ابلاغ اضافه کار,4082683839,0,,,,,,,,,,,,,,,,,,,,,,,,,,,,,,,,,,,,اضافه کار,
9607,پایان یافته,مهندسین مشاور سیراوند,خدمات مشاوره نقشه برداری و کنترل عملیات اجرایی,2460243000,0,3084375000,,1396/07/01,1396/08/08,1402,1396/07/01,12,ماه,1397/06/31,تسویه حساب,قطعی,3081968750,,0.999219858,154218750,0,308196875,1397/04/17,9700422,-,-,-,ندارد,1398/01/27,دارد,"تهران – خیابان شریعتی، بالاتر از پل سید خندان- خیابان خواجه عبدالله انصاری بین 16 و 18- پلاک 34-واحد 7",پیمان حسینی,,09122378848,22862807,22880520,siravandco@gmail.com,-,-,"تحویل قطعی
مفاصا حساب بیمه",قرارداد,2018/9/22
9607-1,پایان یافته,مهندسین مشاور سیراوند,الحاقیه 1-تمدید زمان و افزایش مبلغ (در قالب 25%),624132000,0,,,1397/07/01,1397/08/01,97/10-052,1397/07/01,3,ماه,1397/09/30,,,,,,,,,1397/09/19,9700990,,,,,,,,,,,,,,,,,الحاقیه,2018/12/21
9607-2,پایان یافته,مهندسین مشاور سیراوند,الحاقیه 2 - تمدید جهت اخذ مجوز فعالیت,0,0,,,1397/09/30,1398/12/12,98/10-165,1397/09/30,2.5,ماه,1397/12/14,,,,,,,,,در حال اخذ,,,,,,,,,,,,,,,,,,الحاقیه,2018/12/21
9608,در حال تحویل,پایبست,"نصب کلیه تجهیزات مکانیکی(شامل تجهیزات دوار وثابت ، لوله کشی تجهیزات برقی و ابزاردقیقی هشت سل برج های خنک کننده",10811042000,0,13274590570,,1396/07/20,1396/07/25,MT-PYT-9301-L-104,1396/08/04,9,ماه,1397/05/03,تحویل قطعی,قطعی,13274590570,,1,540552100,0,1327459057,1397/05/16,9700525,1397/05/13,24 روز,1397/07/11,12,1398/12/14,,تهران – خيابان ولي عصر – ابتداي خيابان  شهيد مطهري - کوچه منصور –  شماره22- طبقه چهارم ,قاسم کريمي,آ طاهریان,09122006305,88726729-32,88726728,"info@paybastco.com
mojitaherian@yahoo.com",دارد,دارد,,قرارداد,2018/7/25
9608-1,در حال تحویل,پایبست,کارهای اضافی و تمیزکاری محوطه,2463548570,0,,,----,1398/07/22,MT-PYT-9608-L-021,,,,,,,,,,,,,1398/11/21,981011563,,,,,,,,,,,,,,,,,اضافه کار,
9608-2,در حال تحویل,پایبست,الحاقیه 1 - تمدید جهت اخذ مجوز فعالیت,0,0,,,1397/04/20,1398/12/12,98/10-163,1397/04/20,17,ماه,1398/09/20,,,,,,,,,1399/03/18,991012366,,,,,,,,,,,,,,,,,اضافه کار,
9609,جاری- خدماتی,مدیریت توسعه صنایع پتروشیمی,خدمات مدیریت طرح و نظارت کارگاهی,4.30065E+11,0,4.30065E+11,,1396/02/03,1396/10/04,581,1396/02/03,44,ماه,1399/10/03,196,35,2.21041E+11,,0.513970082,0,0,22104050919,1397/09/29,9701037,در جریان,-,-,ندارد,در جریان,جاری,تهران - بلوار کریمخان زند – تقاطع خردمند شمالی- شماره 39 ,صفرعلی بابایی,جهان پناه,,88813752,88831394,jahanpanah@pidmco.ir,-,-,,قرارداد,23/12/2020
9610,در حال تحویل,سینا صنعت احمد پور,"عملیات لوله کشی زیر زمینی، نصب برخی تجهیزات ثابت، اسکلت فلزی",60809481261,0,75669462828,,1396/10/04,1396/10/10,1501,1396/10/16,10,ماه,1397/08/15,تحویل قطعی,قطعی,75669462828,,1,3040474063,0,7566946283,1397/06/21,9700646,1397/11/01,55 روز,1397/12/20,12,1398/12/13,دارد,"اهواز- خیابان زیتون کارمندی، خیابان زهره، نبش خیابان خاقانی پلاک 48",علی بابا احمدپور ,"آ فاطمی
آ صادقی فر
ویسی","09131199723
09120139348",26230366,22014264,"Sinasanaat@gmail.com    
aryousefisinasanat@yahoo.com
Fard1348@gmail.com",دارد,دارد,,قرارداد,2018/11/6
9610-1,در حال تحویل,سینا صنعت احمد پور,اضافه کار1-اجرای فونداسیون بریج ضلع شرقی,2865358677,0,,,----,1396/12/09,MT-SST-9609-L-002,,,,,,,,,,,,,,,,,,,,,,,,,,,,,,,اضافه کار,
9610-2,در حال تحویل,سینا صنعت احمد پور,اضافه کار2-اجرای رنگ پلیت های کولینگ تاور و بازشو دیوار حایل,334026067,0,,,----,1397/02/31,MT-SST-9609-L-005,,,,,,,,,,,,,,,,,,,,,,,,,,,,,,,اضافه کار,
9610-3,در حال تحویل,سینا صنعت احمد پور,اضافه کار3-تهیه و اجرای بولت شیمیایی و تامین نیروی انسانی,536659180,0,,,----,1397/04/13,MT-SST-9609-L-006,,,,,,,,,,,,,,,,,,,,,,,,,,,,,,,اضافه کار,
9610-4,در حال تحویل,سینا صنعت احمد پور,"اضافه کار4-اجرای فونداسیون D-2001
 (648.955.504 ريال)",لغو شد,0,,,----,1397/06/20,MT-SST-9609-L-011,,,,,,,,,,,,,,,,,,,,,,,,,,,,,,,اضافه کار,
9610-5,در حال تحویل,سینا صنعت احمد پور,"اضافه کار5-اجرای ساختمان موقت آزمایشگاه، فنس غربی و نصب لوله های 4 اینچ بر روی مخازن ",327228258,0,,,----,1397/07/15,MT-SST-9609-L-013,,,,,,,,,,,,,,,,,,,,,,,,,,,,,,,اضافه کار,
9610-6,در حال تحویل,سینا صنعت احمد پور,الحاقیه 1- تمدید زمانی قرارداد,0,0,,,1398/08/16,1397/09/26,96/10-079,1397/08/16,2.5,ماه,1397/10/30,,,,,,,,,1397/12/13,9701463,,,,,,,,,,,,,,,,,الحاقیه,2019/1/20
9610-7,در حال تحویل,سینا صنعت احمد پور,"اضافه کار6- تامین نیروی انسانی و تسطیح مسیر بوژی، فلنج گذاری UG و سرجوش گذاری AG",1678288457,0,,,----,1398/07/14,MT-SST-9609-L-031,-,-,-,-,,,,,,,,,1398/12/21,981011943,,,,,,,,,,,,,,,,,اضافه کار,
9610-8,در حال تحویل,سینا صنعت احمد پور,هزینه جبرانی نوسانات ارز,10822916175,0,,,----,1398/08/29,MT-SST-9610-L-032,-,-,-,-,,,,,,,,,,,,,,,,,,,,,,,,,,,اضافه کار,
9610-9,در حال تحویل,سینا صنعت احمد پور,الحاقیه 2 - تغییرات نهایی (کاهش و افزایش احجام),-1704495247,0,,,1398/10/08,1398/11/08,98-10/141,-,-,-,-,,,,,,,,,,,,,,,,,,,,,,,,,,,کسر کار,
9610-10,در حال تحویل,سینا صنعت احمد پور,الحاقیه 3 - تمدید جهت اخذ مجوز فعالیت,0,0,,,1398/10/30,1398/12/12,98-10/162,1397/10/30,12,ماه,1398/10/30,,,,,,,,,,,,,,,,,,,,,,,,,,,اضافه کار,
9611,پایان یافته,داده پردازی رسپینا,خرید اینترنت از طریق بیسیم جهت دفتر مرکزی ,116640000,0,116640000,,1396/10/12,1396/12/13,1567,1396/11/11,12,ماه,1397/11/10,تسویه حساب,قطعی,116640000,,1,5832000,0,11664000,-,مشمول نیست,در جریان,-,-,ندارد,1397/11/10,مالی -درحال اخذ,تهران - خ ولیعصر - خ توانیر - خ نظامی گنجوی - کوچه پدران - پلاک 1,محمد صادقین,خ حسین خانی,551,84230000,۸۸۱۹۱۰۸۳,"info@respina.net
n.hoseinkhani@respina.net",-,-,"صورتجلسه تحویل قطعی ارسال شد.
امضای طرفین و ابلاغ",قرارداد,2019/1/31
9612,پایان یافته,اریکه پرداز صنعت آریا,خدمات انبارداری پروژه متانول آپادانا خلیج فارس,4185600000,0,4185600000,,1396/11/01,1396/12/22,1581,1396/11/01,12,ماه,1397/10/30,تسویه حساب,قطعی,2005836953,,0.479223278,209280000,0,200583695.3,1397/04/04,9700374,1397/04/31,,-,3,1397/09/15,دارد,تهران – بلوار آفریقا خیابان سایه – پلاک 6 – واحد 502 كدپستي : 1967735811,مهدی همتی وند,,09121261894,26201518,,,-,-,,قرارداد,
9613,پایان یافته,جم بهارستان جنوب,"حفاظت و حراست از اماکن، تاسیسات و اموال",14558395656,0,14558395656,,1396/11/01,1396/12/22,1582,1396/11/01,12,ماه,1397/10/30,تسویه حساب,قطعی,8197395198,,0.563069956,1455839566,0,819739519.8,1397/07/29,9700962,-,-,-,ندارد,1397/05/31,مفاصا دارد,,احمد صفایی,,09170842269,,,,-,-,,قرارداد,
9614,پایان یافته,دیتا پرداز افراز,خرید سرویس اینترنت از طریق بیسیم,450000000,0,562500000,,1396/10/20,1396/11/01,1589,1396/11/01,12,ماه,1397/10/30,تسویه حساب,قطعی,546250000,,0.971111111,28125000,0,54625000,1397/11/14,9701268,در جریان,-,-,ندارد,1398/02/18,دارد,عسلویه - خ مرزبان - ساختمان عرفان - واحد 3,حمیده زارع مهذبیه,آ خجسته,09174427421,07737324410,07737323833,info@datapardaz.net,-,-,,قرارداد,2019/1/20
9614-1,پایان یافته,دیتا پرداز افراز,ابلاغ اضافه کار,112500000,0,,,-,1398/02/14,1969,,,,,,,,,,,,,,,,,,,,,,,,,,,,,,,اضافه کار,
9615,پایان یافته,پارس اختران دشتستان,فروش ضایعات,2083300000,0,2698258715,,1396/11/23,1396/12/07,1557,1397/01/27,30,روز,1397/02/25,تسویه حساب,قطعی,2698258715,,1,0,0,0,-,مشمول نیست,-,,-,ندارد,-,خرید,,حمیدرضا صمصامی,عیوضی,09173239185,"07737320430
07737364080",,,-,دارد,,قرارداد,
9615-1,پایان یافته,پارس اختران دشتستان,ابلاغ اضافه کار,614958715,0,,,----,1397/03/05,1823,----,,,,,,,,,0,0,0,,,,,,,,,,,,,,,,,,,الحاقیه,
9616,پایان یافته,آسیا امداد کیمیا,استقرار واحد فوریت های پزشکی ,2688000000,0,3360000000,,1396/12/21,1396/12/21,1630,1396/12/21,12,ماه,1397/12/20,تسویه حساب,قطعی,3322427403,,0.988817679,168000000,0,332242740.3,-,مشمول نیست,-,-,-,ندارد,1398/02/31,دارد,تهران – بلوار کشاورز – خیابان نادری – بعد از تقاطع خیابان ایتالیا – پلاک 2 – واحد 306,محمد علی نیکوکار ,آ نیکوکار,09177116779,88990115,88990116,asia.emdad@gmail.com,-,-,,قرارداد,11/06/2019
9616-1,پایان یافته,آسیا امداد کیمیا,الحاقیه شماره 1,672000000,0,,,1397/12/21,1398/01/19,98/10-004,1397/12/21,3,ماه,1398/03/20,,,,,,,,,,,,,,,,,,,,,,,,,,,الحاقیه,
9617,پایان یافته,تکوین پی پارس,انجام آزمایشات شیمیایی مصالح و کشش آرماتور و کنترل عملیات بتنی,350000000,0,437500000,,1396/11/01,1396/11/01,96/10-125,1396/11/01,4,ماه,1397/02/31,تسویه حساب,قطعی,436973060,,0.998795566,43750000,0,43697306,1397/08/14,9700831,-,,-,ندارد,1397/02/31,مفاصا دارد,شیراز - قصرالدشت - خیابان میرزا کوچک خان - کوچه 1 - پلاک 33,سعید قیصری,,09177201721,07136317341,,takvinpeypars@yahoo.com,-,-,,قرارداد,
9617-1,پایان یافته,تکوین پی پارس,ابلاغ اضافه کار,87500000,0,,,----,1397/02/31,96/10-131,,,,,,,,,,,,,,,,,,,,,,,,,,,,,,,اضافه کار,
9701,جاری- خدماتی,گمانه کاو,استقرار یک واحد آزمایشگاه محلی جهت کنترل عملیات اجرایی پیمانکاران ,1996876284,0,4764203817,,1397/03/01,1397/04/04,MT-CKT-9609-L-001,1397/03/01,12,ماه,1398/02/31,-21,24,4750057556,,0.997030719,99843814.2,0,475005755.6,1397/05/22,9700552,در جریان,-,-,ندارد,در جریان,جاری,تهران - بلوار مرزداران- خیابان حضرت ابوالفضل- بین بوستان پنجم و ششم غربی- پلاک 3/1- طبقه چهارم,بدیل پهلوان ,"آ تاج زاد
آ عسکری",,44239963,44250016 ,"h.tajzad@gmail.com
aminasgari2010@gmail.com",-,-,,قرارداد,20/05/2020
9701-1,جاری- خدماتی,گمانه کاو,آزمایش مغزه گیری از بتن سخت شده و تعیین مقاوت فشاری آنها در سازه کولینگ تاور و نمونه برداری از میلگرد آسیب دیده جهت آزمایشات کشش و خستگی ,97782401,0,,,----,1397/06/20,MT-CKT-9609-L-002,,,,,,,,,,,,,,,,,,,,,,,,,,,,,,,اضافه کار,
9701-2,جاری- خدماتی,گمانه کاو,اضافه کار (آزمایشات سیمان و آب),104806191,0,,,----,1398/02/16,MT-CKT-9609-L-004,,,,,,,,,,,,,,,,,,,,,,,,,,,,,,,اضافه کار,
9701-3,جاری- خدماتی,گمانه کاو,الحاقیه شماره 1 (تمدید مدت قرارداد و آزمایشات میلگرد),276756695,0,,,1398/03/01,1398/03/07,98/10-029,1398/03/01,1,ماه,1398/03/31,,,,,,,,,1398/03/21,9710164,,,,,,,,,,,,,,,,,اضافه کار,
9701-4,جاری- خدماتی,گمانه کاو,الحاقیه شماره 2 (تمدید مدت قرارداد),831993544,0,,,1398/04/01,1398/04/16,98/10-049,1398/04/01,4,ماه,1398/07/30,,,,,,,,,,,,,,,,,,,,,,,,,,,اضافه کار,
9701-5,جاری- خدماتی,گمانه کاو,الحاقیه شماره 3 (تمدید مدت قرارداد),1039991930,0,,,1398/08/01,1398/09/16,98/10-117,1398/08/01,5,ماه,1398/12/29,,,,,,,,,1398/10/03,981011521,,,,,,,,,,,,,,,,,اضافه کار,
9701-6,جاری- خدماتی,گمانه کاو,الحاقیه شماره 4 (تمدید مدت قرارداد),415996772,0,,,1399/01/01,1399/02/09,99-10/19,1399/01/01,2,ماه,1399/02/31,,,,,,,,,در حال اخذ,,,-,-,,,,,,,,,,,,,,اضافه کار,
9702,جاری- خدماتی,بازرسی مهندسی ایران(IEI),بازرسی تجهیزات ساخت داخل و خارج از کشور,2868500000,176000,2868500000,176000,1397/03/01,1397/04/05,1683,1397/03/01,24,ماه,1399/02/31,-21,23,880400000,92560,0.525909091,440000000,0,550840000,1397/11/30,9701388,در جریان,-,-,12,در جریان,جاری,تهران - خ ولیعصر - بالاتر از توانیر - پلاک 2434,محمدرضا اویسی,"خ میرزایی
آ حسینی
224",,"89342000
داخلی - 233",88886310,"info@ieico.com
z.mirzaei@ieico.com",-,-,,قرارداد,2020/5/20
,جاری- خدماتی,بازرسی مهندسی ایران(IEI),بازرسی تجهیزات ساخت داخل و خارج از کشور,,,,,,,,,,,,,,,,0.306919993,,,,,,,-,-,,,,,,,,,,,-,-,,,
9702-1,جاری- خدماتی,بازرسی مهندسی ایران(IEI),الحاقیه 1,0,0,,,,,,,,,,,,,,,,,,,,,,,,,,,,,,,,,,,,,
9703,جاری- خدماتی,بازرسی فنی و کنترل خوردگی تکین کوی,انجام خدمات بازرسی فنی و تضمین کیفیت کارگاهی,16920000000,0,17160814100,0,1397/03/01,1397/04/05,MT-IT-9609-L-006,1397/03/01,24,ماه,1399/02/31,-21,23,12811094370,,0.746531854,858040705,0,1281109437,1397/11/28,9701355,در جریان,-,-,12,در جریان,جاری,"تهران، خیابان شهید مطهری، خیابان کوه نور، پلاک 18",محمد علی جبرئیلی ,"آ جمالزهی
آ دهقان
آ قادری","09363002206
09120064842","۸۸۵۲۹۷۲۸-37
88735597",88741040,contract@techinco.net,-,-,,قرارداد,2020/5/20
9703-1,جاری- خدماتی,بازرسی فنی و کنترل خوردگی تکین کوی,اضافه کار- ضخامت سنجی مخازن و بازرسی آتش سوزی,240814100,0,,,----,1398/10/25,MT-IT-9703-L-023,,,,,,,,,,,,,,,,,,,,,,,,,,,,,,,,
9703-2,جاری- خدماتی,بازرسی فنی و کنترل خوردگی تکین کوی,الحاقیه 1,0,0,,,,,,,,,,,,,,,,,,,,,,,,,,,,,,,,,,,,,
9704,پایان یافته,عملیات غیر صنعتی پازارگاد,تامین خدمات عمومی و پشتیبانی,30182204233,0,37727755291,,1397/03/01,1397/06/17,97/10-024,1397/03/01,12,ماه,1398/02/31,تسویه حساب,قطعی,36213223148,0,0.959856288,1886387765,0,3621322315,1397/10/15,9701115,-,-,-,ندارد,1398/07/20,دارد,عسلویه - سایت مثلثی,ابراهیم یاسری ,آ رحیمی,09171719754,"07737323201-4
داخلی 6214",07737321146,pazargad1396@gmail.com,-,-,مجوز فعالیت ندارد. نامه ارسال شده - پیگیری,قرارداد,2019/5/21
9704-1,پایان یافته,عملیات غیر صنعتی پازارگاد,الحاقیه 1 - اضافه کار,7545551058,0,,,1398/03/01,1398/05/08,98/10-059,,,,,,,,,,,,,1398/11/23,98101822,,,,,,,,,,,,,,-,-,,الحاقیه,
9705,پایان یافته,عملیات غیر صنعتی پازارگاد,خدمات ترابری سایت ,7488000000,0,9360000000,,1397/04/01,1397/06/17,97/10-025,1397/04/01,12,ماه,1398/03/31,تحویل قطعی,قطعی,9032325785,,0.964992071,468000000,0,903232578.5,1397/10/15,9701116,-,-,-,ندارد,,دارد,عسلویه - سایت مثلثی,ابراهیم یاسری ,آ رحیمی,09171719754,07737323201-4,07737321146,pazargad1396@gmail.com,-,-,مجوز فعالیت ندارد. نامه ارسال شده - پیگیری,قرارداد,2019/6/21
9705-1,پایان یافته,عملیات غیر صنعتی پازارگاد,الحاقیه 1 - تمدید قرارداد و ادامه خدمات,1872000000,0,,,1398/03/01,1398/05/08,98/10-059,1398/04/01,1,ماه,1398/04/31,,,,,,,,,در حال اخذ,,,,,,,,,,,,,,,-,-,,الحاقیه,
9706,در حال تحویل,مهندسین مشاور کندا ایده,خدمات نقشه برداری و کنترل عملیات اجرایی پیمانکاران ,3462000000,0,3462000000,,1397/09/20,1397/10/17,97/10-086,1397/10/01,12,ماه,1398/09/30,تحویل قطعی,قطعی,2537724000,,0.73302253,173100000,0,253772400,1397/11/09,9701245,در جریان,-,-,ندارد,در حال تهیه سایت,در حال اخذ - مالی,"تهران، خیابان کارگر شمالی، پایینتر از بیمارستان قلب، خیابان شهریور، پلاک 25، طبقه 4 و 5 كدپستي: 1411716118",مهدی رضائی ,"خ دستاران 
310",,88335022 ,88335022 ,"info@kandaidea.com
z.dastaran@kandaidea.com",-,-,,قرارداد,19/03/2020
9706-1,در حال تحویل,مهندسین مشاور کندا ایده,الحاقیه 1 - تمدید مدت قرارداد,0,0,,,1398/10/01,1398/10/03,98/10-0129,1398/10/01,3,ماه,1398/12/29,,,,,,,,,1398/11/12,981011762,,,,,,,,,,,,,,,,,الحاقیه,
9707,در حال تحویل,سوله ایران,"عملیات اجرای دیوار حائل شرقی ، رمپ بین تراز 38 و 48.5 و استراکچرها",81808469338,0,95355287980,,1397/05/10,1397/06/17,97/10-023,1397/06/21,6,ماه,1397/12/20,تحویل موقت,قطعی,95355287979,,1,4090423467,0,9535528798,1397/08/07,9700807,1398/04/20,45 روز,1398/08/11,12,1399/08/11,در حال اخذ - مالی,"تهران، انتهای بلوار فرحزادی، میدان کتاب، به سمت میدان سرو، پلاک 118، واحد 6 ",محمد پارسائی فر ,"آ پارسایی
خ ریسمانچی
",09171702740,44421992,44437653,"info@solehiran.com
sole.iran@gmail.com",دارد,دارد,,قرارداد,11/07/2019
9707-1,در حال تحویل,سوله ایران,اضافه کار 1- اضافه مسافت حمل,2130392802,0,,,-,1397/09/10,MT-SIT-9707-L-006,,,,,,,,,,,,,,,,,,,,,,,,,,,,,,,اضافه کار,
9707-2,در حال تحویل,سوله ایران,الحاقیه 1- تمدید زمانی و ما به التفاوت مبلغ میلگرد,5331154072,0,,,1397/12/01,1397/12/20,97/10-107,1397/12/21,4,ماه,1398/04/20,,,,,,,,,1398/03/26,9800330,,,,,,,,,,,,,,,,,الحاقیه,
9707-3,در حال تحویل,سوله ایران,اضافه کار 2 - اجرای ERC ,1040492578,0,,,-,1398/02/16,MT-SIT-9707-L-011,,,,,,,,,,,,,,,,,,,,,,,,,,,,,,,الحاقیه,
9707-4,در حال تحویل,سوله ایران,اضافه کار 3 -  افزایش احجام,1088786940,0,,,-,1398/07/07,MT-SIT-9707-L-021,,,,,,,,,,,,,,,,,,,,,,,,,,,,,,,الحاقیه,
9707-5,در حال تحویل,سوله ایران,اضافه کار 4 -  افزایش احجام,3955992250,0,,,-,1398/09/27,MT-SIT-9707-L-028,,,,,,,,,,,,,,,,,,,,,,,,,,,,,,,الحاقیه,
9707-6,در حال تحویل,سوله ایران,الحاقیه 2 - تمدید جهت اخذ مجوز فعالیت,0,0,,,1398/04/20,1398/12/12,98/10-166,1398/04/20,7,ماه,1398/11/14,,,,,,,,,در حال اخذ,,,,,,,,,,,,,,,,,,الحاقیه,
9708,جاری - اجرایی,صنایع آذر آب,نصب تجهیزات دو دستگاه بویلرکمکی -فاز 1,46773217920,0,74039659720,,1397/10/10,1397/12/06,97/10-102,1398/04/23,6,ماه,1398/10/22,93,2,16520866763,,0.223135369,3701982986,0,1652086676,1398/12/05,981011921,در جریان,,,12,در جریان,جاری,"تهران، میدان ونک، خیابان ملاصدرا، شماره 15 ",علی شیخ زاده ,"آ جعفری
آ گرجی
صفر آبادی","09194709706
09128158597
09355303614","84922617
88799257
84922623",88799275,"marketing@azarab.ir
akhavian@azarab.ir",,,,قرارداد,2020/1/12
9708-1,جاری - اجرایی,صنایع آذر آب,الحاقیه 1 - تمدید زمانی فاز 1 قرارداد,0,0,,,1398/10/23,1398/12/12,98/10-159,1398/10/23,4,ماه,1399/02/22,,,,,,,,,,,,,,,,,,,,,,,,,,,الحاقیه,11/09/2020
9708-2,جاری - اجرایی,صنایع آذر آب,الحاقیه 2 - تمدید زمانی فاز 1 قرارداد,0,0,,,1399/02/23,,,1399/02/23,4,ماه,1399/06/22,,,,,,,,,,,,,,,,,,,,,,,,,,,الحاقیه,
فاز 2,جاری - اجرایی,صنایع آذر آب,نصب تجهیزات دو دستگاه بویلرکمکی فاز 2,27266441800,0,,,,,,,9,ماه,,,,,,,,,,,,,,,,,,,,,,,,,,,,قرارداد,
9709,پایان یافته,مهر ورزان رضوانیه,ارائه خدمات حفاظت فیزیکی و نگهبانی,25820185608,0,25820185608,,1397/06/01,1397/06/25,97/10-032,1397/06/01,12,ماه,1398/05/31,تسویه حساب,قطعی,26840194132,,1.039504306,1291009280,0,2684019413,1397/08/14,9700837,-,-,-,ندارد,1398/07/23,دارد, كنگان -بلوار فشار قوي-كوچه فرعي 9-پلاك 0-مجتمع يوسفي-طبقه اول-واحد 1,محمدتقی احمدی,خ موسوی,"09177726047
09178904585",07737228323,07737228323,mehr.rezvan82@yahoo.com,-,-,,قرارداد,2019/8/22
9710,پایان یافته,پارت ماشین سازه پارس,نصب برج T-1001,15900000000,0,19400000000,,1397/06/20,1397/06/27,97/10-034,1397/07/04,45,روز,1397/08/18,تسویه حساب,قطعی,19400000000,,1,970000000,0,1940000000,1397/08/22,9700883,1397/08/28,15 روز,1397/09/10,12,1398/09/27,دارد,"کنگان، روبروی تمبک جدید، جنب ساختمان خوش خبر ",سعید نکویی مهر,"آقای موحدی
خانم شیبانی",,031-36290701,031-36251933 ,"info@parcogroups.com
sheybani@parcogroups.com",-,دارد,,قرارداد,2018/11/10
9710-1,پایان یافته,پارت ماشین سازه پارس,الحاقیه 1- تمدید زمانی و نصب تجهیزات جدید,3500000000,0,,,1397/08/19,1397/10/08,97/10-082,1397/08/19,101,روز,1397/11/30,,,,,,,,,1397/11/24,9701345,1397/11/30,10 روز,1397/12/10,12,1398/12/05,,,,,,,,,,,,الحاقیه,2019/2/19
9710-2,پایان یافته,پارت ماشین سازه پارس,الحاقیه 2 - تمدید جهت اخذ مجوز فعالیت,0,0,,,1397/11/30,1398/12/12,98/10-160,1397/11/30,81,روز,1398/02/21,,,,,,,,,1398/12/11,981011968,,,,,,,,,,,,,,,,,الحاقیه,2019/2/19
9711,در حال تحویل,ژرف تابان مهر,انجام خدمات مطالعات و طراحی روش مقاوم سازی بخشی از سازه بتنی برج خنک کننده ,240000000,0,240000000,,1397/07/20,1397/08/23,97/10-069,1397/08/23,1,ماه,1397/09/23,تسویه حساب,قطعی,240000000,,1,0,0,24000000,در حال اخذ,,-,-,-,ندارد,1397/09/23,دارد,"تهران، بلوار سردار جنگل، بین سعد نیا و حیدری مقدم، پلاک 16، طبقه دوم كدپستي : 1476666835 ",ایمان غلامی نیگچه ,"آ رحیم زاده
103",09129438914,44455010,44618462 ,clinicbeton.sales.marketing@gmail.com,-,-,,قرارداد,2018/12/14
9711-1,در حال تحویل,ژرف تابان مهر,الحاقیه 1 - تمدید جهت اخذ مجوز فعالیت,0,0,,,1397/09/23,1398/12/21,98/10-170,1397/09/23,3,ماه,1397/12/15,,,,,,,,,,,,,,,,,,,,,,,,,,,اضافه کار,
9712,پایان یافته,زرین ترابر عسلویه ,خدمات حمل و نقل داخلی تجهیزات کانتینری,3062000000,0,3084100000,,1397/08/21,1397/08/29,97/10-072,1397/08/28,4,ماه,1397/12/27,تسویه حساب,قطعی,2056675784,,0.666864169,154205000,0,205667578.4,1397/10/10,9701093,-,-,-,ندارد,1398/05/08,دارد,"عسلویه، جاده بیدخون، شهرک حمل و نقل کالا كدپستي : 7511329514 ",رضا پولادی,رضا پولادی,"09173723356
09123454405",07731375300-2,89771400,zarintarabar@gmail.com,-,-,,قرارداد,18/03/2019
9712-1,پایان یافته,زرین ترابر عسلویه ,اضافه هزینه حمل محموله های ترافیکی,22100000,0,,,-,1398/05/30,2040,,,,,,,,,,,,,,,,,,,,,,,,,,,,,,,اضافه کار,
9713,پایان یافته,شهریوران بنادر جنوب,خدمات حمل و نقل داخلی تجهیزات سنگین,5475000000,0,5475000000,,1397/08/21,1397/09/06,97/10-075,1397/09/06,4,ماه,1398/01/06,تسویه حساب,قطعی,5475000000,,1,273750000,0,547500000,1397/11/07,9701221,-,-,-,ندارد,1398/06/24,مفاصا دارد,"عسلویه، بندر نخل تقی، خیابان دانش، میدان دانش، ساختمان زاهدی، طبقه اول كدپستي: 7511835454 ",رضا طیب طاهر,تیمور طیب طاهر,09127351342,07737324053,07737324053,shahrivaran_stv@yahoo.com,-,-,,قرارداد,26/03/2019
9714,در حال تحویل,پترو تدبیر انتظام,پاکسازی سطوح بتنی سازه برج خنک کننده ,349920000,0,437400000,,1397/03/20,1397/12/06,97/10-103,1397/03/20,2,ماه,1397/05/20,تحویل قطعی,قطعی,437400000,,1,0,0,0,ندارد,مشمول نیست,1397/05/20,-,-,12,1398/05/20,,"بروجن، کوی باهنر، خیابان قشقایی، فرعی 2، پلاک 17",پژمان انتظامی گردابی ,,09133821968 ,,,,-,-,,قرارداد,
9714-1,در حال تحویل,پترو تدبیر انتظام,ابلاغ اضافه کار,87480000,0,,,-,1397/12/19,1929,,,,,,,,,,,,,,,,,,,,,,,,,,,,,,,اضافه کار,
9715,در حال تحویل,سبز آشیان آپادانا,"عملیات لوله کشی رو زمینی، کارهای سیویل، نصب سازه فلزی و برخی تجهیزات پروژه ",1.87902E+11,0,2.37042E+11,,1397/11/10,1397/11/10,97/10-095,1397/11/15,8,ماه,1398/07/14,تحویل موقت,9,1.504E+11,,0.634488936,9395111411,9395111411,15040045777,1398/02/09,9800125,در حال تهیه,,,12,,,"اصفهان، خیابان آپادانا اول، بن بست شماره 14، ساختمان پارسیان، طبقه سوم كدپستي: 8165667805",سید نصیر الدین رضوی الغروی,"آ شریفی 112
خ زمانی 123
خ نصر 162",09133160856,03136613933,03136616510,"info@saapec.com
moha_sharifi@yahoo.com
pmo@saapec.com",,,,قرارداد,2019/10/6
9715-1,در حال تحویل,سبز آشیان آپادانا,الحاقیه 1 - تمدید زمانی قرارداد,0,0,,,1398/07/15,1398/08/25,97/10-108,1398/07/15,5.5,ماه,1398/12/29,,,,,,,,,در حال اخذ,,,,,,,,,,,,,,,,,,الحاقیه,19/03/2020
9715-2,در حال تحویل,سبز آشیان آپادانا,ابلاغ اضافه کار - STR Q,7019439098,0,,,-,1398/09/27,MT-SAT-9715-L-022,,,,,,,,,,,,,,,,,,,,,,,,,,,,,,,الحاقیه,19/03/2020
9715-3,در حال تحویل,سبز آشیان آپادانا,"ابلاغ اضافه کار - کارهای اضافی سیویل، پایپینگ و مکانیک",42120224532,0,,,-,در حال تهیه فرم توسط سایت,,,,,,,,,,,,,,,,,,,,,,,,,,,,,,,,اضافه کار,19/03/2020
9716,در حال تحویل,داده پردازی رسپینا,خرید اینترنت از طریق بیسیم جهت دفتر مرکزی ,116640000,0,116640000,,1397/11/10,1398/01/25,98/10-008,1397/11/11,12,ماه,1398/11/10,تحویل قطعی,قطعی,116640000,,1,5832000,0,11664000,-,مشمول نیست,-,-,-,-,جهت امضا به پیمانکار ارسال,,تهران - خ ولیعصر - خ توانیر - خ نظامی گنجوی - کوچه پدران - پلاک 1,محمد صادقین,خ ارشی,463,84230000,۸۸۱۹۱۰۸۳,"info@respina.net
m.arshi@respina.net",-,-,,قرارداد,2020/1/30
9717,در حال تحویل,دیتا پرداز افراز,خرید  اینترنت از طریق بیسیم جهت کارگاه,450000000,0,450000000,,1397/11/01,1398/01/20,98/10-006,1397/11/01,12,ماه,1398/10/30,تحویل قطعی,قطعی,450000000,,1,22500000,0,45000000,1398/02/23,9800189,-,-,-,-,جهت امضا به پیمانکار ارسال,,عسلویه - خ مرزبان - ساختمان عرفان - واحد 3,حمیده زارع مهذبیه,آ خجسته,09174427421,07737324410,07737323833,info@datapardaz.net,-,-,,قرارداد,21/01/2020
9718,در حال تحویل,رایا محاسب رسام,فروش و پشتیبانی رایا محاسب,423500000,0,423500000,,1397/11/01,1398/02/16,98/10-017,1397/11/01,12,ماه,1398/10/30,تحویل قطعی,قطعی,423500000,,1,21175000,0,42350000,-,مشمول نیست,-,-,-,-,1399/01/30,دارد,"تهران، خيابان شهيد بهشتی، خيابان سهروردی شمالی، کوچه شهرتاش پلاک 74 واحد 8 و كدپستي: 1559613518",مسعود توکلي ,,,88518069 ,88519487 ,tavakoli@rmr.ir,-,-,,قرارداد,21/01/2020
97002,جاری - مهندسی,کیمیای پارس خاورمیانه,مدیریت خدمات مهندسی مسیر مشترک خطوط فلر,3320610538,0,3320610538,,1397/06/03,,,1397/06/03,18,ماه,1398/12/29,-83,ندارد,0,,0,,,,در حال اخذ,,,,,,,,"تهران، سعادت آباد، خیابان سرو غربی، نبش خیابان آسمان، پلاک 3، طبقه 4 و كدپستي: 1998133734 ",ابراهیم عبدی ,"آقای وکیلی
آقای زندی
آقای ربیعی","09123266458
09127613707
405, 410",22382170 ,,"b.vakili@mekpco.com
m.rabiei@mekpco.com
m.ghaderi@mekpco.com",-,-,,قرارداد,2020/3/19
97025,جاری - اجرایی,کیمیای پارس خاورمیانه,مدیریت اجرای مسیر مشترک خطوط فلر,2E+11,0,2E+11,,1397/06/30,1398/07/15,98/10-089,1397/06/30,17,ماه,1398/12/29,-83,2,1.34504E+11,,0.672518979,,,,در حال اخذ,,,,,,,,,,,,,,,-,-,,قرارداد,2020/3/19
9801,جاری- خدماتی,آسیا امداد کیمیا,استقرار واحد فوریت های پزشکی ,3500000000,0,4375000000,0,1398/03/01,1398/03/07,98/10-030,1398/03/01,12,ماه,1399/02/31,71,11,3183338172,,0.727620154,218750000,,,-,مشمول نیست,,,,,,,تهران – بلوار کشاورز – خیابان نادری – بعد از تقاطع خیابان ایتالیا – پلاک 2 – واحد 306,محمد علی نیکوکار ,آ نیکوکار,09177116779,88990115,88990116,asia.emdad@gmail.com,-,-,,قرارداد,20/08/2020
9801-1,جاری- خدماتی,آسیا امداد کیمیا,الحاقیه 1 - تمدید زمانی قرارداد,875000000,0,,0,1399/03/01,,,1399/03/01,3,ماه,1399/05/31,,,,,,,,,,,,,,,,,,,,,,,,,,,الحاقیه,
9802,جاری- خدماتی,عملیات غیر صنعتی پازارگاد,تامین خدمات عمومی و پشتیبانی,55800840516,0,55800840516,,1398/03/01,1398/05/12,98/10-060,1398/03/01,12,ماه,1399/02/31,-21,10,37502488942,,0.672077492,,,,در حال اخذ,,,,,,,,,,,,,,,0,0,,قرارداد,2020/5/20
9803,جاری- خدماتی,سعید تابان پارس جنوبی,خدمات ترابری,11370556512,0,11370556512,,1398/05/01,1398/05/22,98/10-066,1398/05/01,12,ماه,1399/04/31,40,8,7870842223,,0.692212577,,,,در حال اخذ,,,,,,,,,,,,,,,-,-,,قرارداد,20/07/2020
9803-1,جاری- خدماتی,سعید تابان پارس جنوبی,الحاقیه 1 - افزایش نرخ سوخت,,0,,,1398/10/01,1398/10/21,98/10-135,,,,,,,,,,,,,,,,,,,,,,,,,,,,,,,الحاقیه,
9804,پایان یافته,پیمانکاری برادران جعفری,فروش ضایعات,1663200000,0,1711396400,,1398/05/23,1398/06/02,98/10-071,1398/06/02,15,روز,1398/06/17,تسویه حساب,قطعی,1711396400,,1,,,,-,مشمول نیست,,,,,,خرید,,,,09179230741,,,,-,-,,قرارداد,
9804-1,پایان یافته,پیمانکاری برادران جعفری,افزایش مبلغ اقلام فروخته شده,48196400,0,,,-,1399/02/17,2205,,,,,,,,,,,,,,,,,,,,,,,,,,,,,,,اضافه کار,
9805,جاری- خدماتی,معصومه جدیدی,طبقه بندی مشاغل,320000000,0,320000000,,1398/05/01,1398/06/04,98/10-073,1398/06/01,6,ماه,1398/11/30,-112,3,240000000,,0.75,,,,در حال اخذ,,,,,,,,,,,,,,,-,-,,قرارداد,2020/2/19
9806,جاری- خدماتی,موسسه حقوقی اشرفی و همکاران,ارائه مشاوره حقوقی و قراردادی,1680000000,0,1680000000,,1398/04/25,1398/04/25,98/10-053,1398/04/25,12,ماه,1399/04/25,35,3,1176000000,,0.7,,,,-,مشمول نیست,,,,,,,,,,,,,,-,-,,قرارداد,15/07/2020
9807,جاری- خدماتی,مهر ورزان رضوانیه,ارائه خدمات حفاظت فیزیکی و نگهبانی,27320185560,0,27544585560,,1398/06/01,,,1398/06/01,12,ماه,1399/05/31,71,8,22379981590,,0.812500211,,,,در حال اخذ,,,,,,,,,,,,,,,-,-,,قرارداد,20/08/2020
9807-1,جاری- خدماتی,مهر ورزان رضوانیه,ابلاغ اضافه کار,224400000,0,,,-,1399/02/21,99/10-027,,,,,,,,,,,,,,,,,,,,,,,,,,,,,,,اضافه کار,
9808,در حال تحویل,فن آوران ارتباطات پالیز,پشتیبانی و توسعه پورتال وب سایت,48000000,0,48000000,,1398/02/01,1398/09/17,98/10-0118,1398/02/01,12,ماه,1399/01/31,تحویل موقت,3,48000000,,1,,,,-,مشمول نیست,,,,,,,"تهران، خیابان پاسداران، خیابان شهید کلاهدوز، خیابان مفاخری، شماره 15، واحد همکف",علیرضا جهانگرد رفسنجانی,"آ دارومی
112
مالی",,"22824433
22824428",22595079,info@palizct.com,-,-,,قرارداد,2020/4/19
9809,در حال تحویل,پارت ماشین سازه پارس,نصب راکتور سنتز,25400000000,0,28712686725,,1398/09/05,1398/11/28,98/10-0152,1398/11/30,2,ماه,1399/01/31,تحویل موقت,3,28712686725,,1,1270000000,5080000000,2871268673,در حال اخذ,,1398/12/21,8 روز,,,,,"کنگان، روبروی تمبک جدید، جنب ساختمان خوش خبر ",سعید نکویی مهر,"آقای موحدی
خانم شیبانی",,031-36290701,031-36251933 ,"info@parcogroups.com
sheybani@parcogroups.com",,,,قرارداد,2020/4/19
9809-1,در حال تحویل,پارت ماشین سازه پارس,"ابلاغ اضافه کار(بکفیل، رنگ و عایق و تخلیه)",3312686725,0,,,-,1399/02/17,MT-PGT-9809-L-023,,,,,,,,,,,,,,,,,,,,,,,,,,,,,,,اضافه کار,
9810,جاری - اجرایی,مهندسی در ریز,پیمانکار عمومی ساختمان و نصب پروژه,3.29892E+12,0,3.29892E+12,,1398/11/01,1398/11/14,98/10-0146,1398/12/01,18,ماه,1400/05/31,438,1,75120940305,,0.022771384,1.64946E+12,1.64946E+12,7512094031,در حال اخذ,,,,,,,,"تهران، میدان شیخ بهائی، پلاک 18، طبقه اول، واحد 107 و كدپستي : 1993873000 ",سینا صدیقی ,"آقای باقریان
آقای محمدی پور","09121836343
09126454302","41095806
41095816",41095000 ,"abagherian@dorriz.com
amohammadipour@dorrizco.com",,,,قرارداد,2021/8/22
9811,جاری- خدماتی,داده پردازی رسپینا,خرید اینترنت از طریق بیسیم جهت دفتر مرکزی ,116640000,0,116640000,,1398/11/10,1399/01/23,99-10/04,1398/11/11,12,ماه,1399/11/10,233,4,35551000,,0.304792524,,,,-,مشمول نیست,,,,,,,تهران - خ ولیعصر - خ توانیر - خ نظامی گنجوی - کوچه پدران - پلاک 1,محمد صادقین,خ ارشی,463,84230000,۸۸۱۹۱۰۸۳,"info@respina.net
m.arshi@respina.net",-,-,,قرارداد,2021/1/29
9812,جاری- خدماتی,دیتا پرداز افراز,خرید  اینترنت از طریق بیسیم جهت کارگاه,450000000,0,450000000,,1398/11/01,1399/01/23,99-10/03,1398/11/01,12,ماه,1399/10/30,223,4,150000000,,0.333333333,,,,در حال اخذ,,,,,,,,عسلویه - خ مرزبان - ساختمان عرفان - واحد 3,حمیده زارع مهذبیه,آ خجسته,09174427421,07737324410,07737323833,info@datapardaz.net,-,-,,قرارداد,2021/1/19
9901,جاری- خدماتی,نقشه برداری سیراوند,خدمات نقشه برداری و کنترل عملیات اجرایی پیمانکاران سایت ,6380325000,0,6380325000,,1399/01/01,1399/01/30,99-10/05,1399/02/01,18,ماه,1400/07/30,499,1,299575000,,0.046952937,,,,در حال اخذ,,,,,,,,"تهران – خیابان شریعتی، بالاتر از پل سید خندان- خیابان خواجه عبدالله انصاری بین 16 و 18- پلاک 34-واحد 7",پیمان حسینی,,09122378848,22862807,22880520,siravandco@gmail.com,,,,قرارداد,2021/10/22
9902,جاری- خدماتی,مهندسین و مشاور زمین کاوان جنوب,استقرار یک واحد آزمایشگاه محلی جهت کنترل عملیات اجرایی پیمانکاران ,7594857657,0,7594857657,,1399/03/01,,,,18,ماه,,,,,,,,,,,,,,,,,,,محسن توتونچی,"خ نقدی 238
خ میر حسینی 260","09358894936
09120929278",88371945,,"info@zaminkavan.com
s_gh_13@yahoo.com
somaye.naghdy@gmail.com",,,,,
9903,جاری - خدماتی,پایدار سازه مهر آریا,حمل 4 دستگاه مبدل و تجهیزات و لوازم جانبی,1900000000,0,1900000000,0,1398/12/20,,,,3,ماه,,,,,,,,,,,,,,,,,,,,,,,,,,,,,
9904,جاری - خدماتی,فلات پژواک,خدمات بازرسی فنی,,,,,,,,,18,ماه,,,,,,,,,,,,,,,,,,,,,,,,,,,,,
-,لغو شده,پتروشیمی مهر پترو کیمیا,اجاره انبار,,-,0,,1397/03/01,,,1397/03/01,12,ماه,1398/02/31,,,,,,,0,,,,,,,,,,,,,,,,,,,,,